gene,human_t,mouse_rho,combined_p,combined_q,sign_consistent,conserved
G0000,-0.9989746867225281,-0.002340730998655601,0.677298175294923,0.9367035533566056,True,False
G0001,0.1410852967233856,-0.12946635468813097,0.6844955395702366,0.9367035533566056,False,False
G0002,4.885978380127413,0.4147964201259166,4.799477854286626e-08,8.970986643526403e-07,True,True
G0003,-0.036278283158419515,-0.014441058820210352,0.9939994064485014,0.9974002660959864,True,False
G0004,-0.6136158414786417,0.04819736802619356,0.7629936039047001,0.9583956368338392,False,False
G0005,0.22960432161954125,-0.16147874195796355,0.5328168242311692,0.8905565357033843,False,False
G0006,-0.16168460781409094,0.3125528564130647,0.10206571177264903,0.40944396629728347,False,False
G0007,-0.2177648665500605,-0.031461341023265914,0.9432451973580032,0.9854892801428295,True,False
G0008,-0.3499865905389741,0.0778115927833778,0.7876419246285765,0.9622641288132145,False,False
G0009,3.626397346860867,0.31232567153267476,8.950290337379874e-05,0.0008905761529731217,True,True
G0010,-0.8486181898636668,0.022027935890818202,0.7145954450056742,0.9377892979077088,False,False
G0011,-0.39064124335299844,-0.34517943094213405,0.049002608982135314,0.25522192178195474,True,False
G0012,-0.548240364395613,-0.1962293913568244,0.3192295204531828,0.7547707259092636,True,False
G0013,1.2621115000848593,-0.3716803222214203,0.01046525084213782,0.07000167787383157,False,False
G0014,-0.2569741346867184,0.14777792556381125,0.5764891516916959,0.90560923830615,False,False
G0015,1.3261259497440676,-0.20863751589221943,0.11888155611508765,0.4590021471625006,False,False
G0016,4.095340928815139,0.1321074265373212,0.00017912266788124142,0.0016509001648040685,True,False
G0017,-0.001745488329690802,0.16936591160207293,0.567576255916522,0.9050438752818077,False,False
G0018,-1.4392126075897325,-0.07329652556435068,0.30885711335499755,0.742806776132167,True,False
G0019,1.2328313917633746,-0.02439323324886293,0.5021684956198877,0.8753926278132457,False,False
G0020,0.5623341667305168,0.16200886048108412,0.42336433653541083,0.837515997102692,True,False
G0021,0.42633812368818663,0.07471783495099185,0.7674027365747241,0.9588610916204697,True,False
G0022,-0.09617636185561874,0.048239334738589955,0.9414399301718597,0.9852851179192671,False,False
G0023,-0.39546869406481366,0.09975036061446053,0.6997984428080414,0.9367035533566056,False,False
G0024,-1.2468877170527668,-0.29070764029459445,0.045486941970495555,0.24195181899199764,True,False
G0025,0.9669301794538049,0.19584456306806208,0.213761347015413,0.6296357791322916,True,False
G0026,0.2901197359848237,0.20134980148889958,0.369219122959211,0.799175590820803,True,False
G0027,-0.33794218401761383,0.2794924548363179,0.145357289783023,0.5154513822093015,False,False
G0028,-0.6091782213825759,-0.3123069325606118,0.06998943473034558,0.32931308849053803,True,False
G0029,0.13723364422900047,-0.12526459738903503,0.7015604286945862,0.9367035533566056,False,False
G0030,-0.06966159029241013,-0.08195930730960886,0.8678918334825712,0.9805962052558767,True,False
G0031,4.4012726372547535,0.7626817096874521,1.949045341483074e-14,4.628440222283064e-12,True,True
G0032,0.7951828838336211,0.08773482734147778,0.5661382468573277,0.9042710633061298,True,False
G0033,-0.5747274682837028,0.26924161979444156,0.13625958133183003,0.500524244115953,False,False
G0034,-1.0841947005247288,0.07095632611989997,0.4743157870619218,0.8682968214197113,False,False
G0035,-0.2144572248341514,-0.09285605012024244,0.7891608089896232,0.9622641288132145,True,False
G0036,2.3350680409425175,0.1978378697846061,0.021131586288486857,0.12885113590540767,True,False
G0037,0.09774206806660735,-0.08209881113930169,0.8594047651641346,0.9787104808572837,False,False
G0038,0.42605662762344143,0.2135832300508996,0.2971271542403909,0.7363746077828771,True,False
G0039,3.0209388246800732,0.4439465769511832,3.429675172565596e-05,0.00036101843921743115,True,True
G0040,0.43909363803175605,-0.2634113954214296,0.16584833037832628,0.5602984134402914,False,False
G0041,-0.1668697098481103,0.0460528019942139,0.9286902452864495,0.9849481638513282,False,False
G0042,0.6246941526389796,0.20972900717434562,0.2619071876034469,0.6930124506978973,True,False
G0043,-0.8642482395045736,0.36951061247883316,0.018784197470700918,0.11631082025201807,False,False
G0044,-0.05282397840264155,0.1917286295820321,0.4641178261861315,0.8603576656962356,False,False
G0045,0.8386164475050616,0.14961617697727395,0.3667290327489809,0.7991618232383174,True,False
G0046,0.3147051902474736,-0.2641275937212797,0.18153818511839012,0.5818531574307375,False,False
G0047,-1.2439250847809251,-0.052660217174609565,0.4379302726028055,0.8499932112067257,True,False
G0048,1.5126011903612964,0.4391718617879033,0.0014419200995066813,0.011581687546238404,True,False
G0049,-1.5866607636610914,0.02435605152066808,0.3239302006327155,0.7605265407747428,False,False
G0050,1.8330591910436376,-0.1358880424403679,0.10785063768279997,0.4215802083312312,False,False
G0051,-1.5202095175431407,0.12281556922804036,0.1984350659696703,0.6068350641274322,False,False
G0052,-0.10803203266165197,0.19187924410883447,0.44969822913773894,0.8558326903137617,False,False
G0053,1.8672458133047343,0.020054934801370272,0.21430383419980895,0.6302271674176935,True,False
G0054,1.1083138359702176,-0.040190290572560364,0.5347530554132784,0.8919984243757771,False,False
G0055,3.698709646633599,0.3705781725156876,2.1388034468327805e-05,0.0002376448274258645,True,True
G0056,-0.46695231853646924,0.06033529967611835,0.7926899034432195,0.9622641288132145,False,False
G0057,0.7714552369154539,0.12232474338553519,0.47252689338247855,0.8682968214197113,True,False
G0058,3.0781832472384982,-0.12633176418160963,0.0063267121995914995,0.0450299800682669,False,False
G0059,-0.0034282175409265448,0.2201616201902341,0.36692778271234217,0.7991618232383174,False,False
G0060,0.4468066117404053,0.008031992700717524,0.9189849763508936,0.9849481638513282,True,False
G0061,3.937496375432512,0.23476140019120698,9.871911001909735e-05,0.0009726020691536684,True,False
G0062,0.02079235295293288,0.1063945687545808,0.8055650494642697,0.9659481971388197,True,False
G0063,0.4080254626838785,-0.10256487690181047,0.6853990355326149,0.9367035533566056,False,False
G0064,1.4213756434525056,0.134116463321482,0.20945879196970058,0.6217724555656796,True,False
G0065,-0.8654747381250997,0.3248060689119087,0.04308491179387907,0.23289141510204905,False,False
G0066,-1.3933882432953124,0.06773618392965303,0.33835092025777225,0.776034220774707,False,False
G0067,0.06109648968196724,0.03303407877527321,0.9728970828862757,0.9952911333874943,True,False
G0068,0.24102975876570923,-0.06970766424496859,0.8497795050443082,0.9773197297806879,False,False
G0069,1.4472238376431215,0.22642828457826727,0.08110064074280715,0.35885239266728824,True,False
G0070,0.753767057327264,0.17205360755655538,0.33115129862163967,0.7683324794005562,True,False
G0071,-0.5881070446006245,-0.22582947596542463,0.228216973163612,0.6442587655307545,True,False
G0072,0.6031578486420496,0.14785692825797675,0.4559212204079309,0.8586965907075501,True,False
G0073,1.1526423398404582,-0.0993133966108079,0.37538536181819293,0.8038230445785716,False,False
G0074,0.3227619073692816,-0.17608092737289607,0.4498707354259056,0.8558326903137617,False,False
G0075,1.8685740430641935,0.6745898913631903,5.345639918902172e-08,9.82037803992044e-07,True,False
G0076,0.713199560771981,-0.09938284357740047,0.5679150317393343,0.9050438752818077,False,False
G0077,-0.31848768370741,0.1746846288109198,0.45622078100492147,0.8586965907075501,False,False
G0078,-1.8310293841547256,-0.18958710466113002,0.0648985616962383,0.31657834973774784,True,False
G0079,1.3667794325013394,-0.19388399976072465,0.13138966078726247,0.48719295387721157,False,False
G0080,-1.2543545212543017,-0.14267867488033845,0.24439198444662302,0.6659182137510163,True,False
G0081,-0.2999146088095678,-0.02146517157519585,0.9393122385484012,0.9852851179192671,True,False
G0082,-0.2818320826785054,0.08832210289184085,0.7800884009948577,0.9622641288132145,False,False
G0083,-0.30168095153290236,-0.16412039266194908,0.500358304945208,0.8753926278132457,True,False
G0084,-0.2518035051474771,-0.10941371883782022,0.7201075147594997,0.9394749051004563,True,False
G0085,0.8397292519786945,0.2950360372862285,0.07173086241081521,0.33208732597599633,True,False
G0086,0.5573773855248043,-0.0305528321169904,0.8315651611908721,0.9677201599165242,False,False
G0087,0.058324719789990494,-0.15456326407912743,0.6118325090350216,0.9206036412848718,False,False
G0088,0.0695429395117539,0.3250346141034002,0.08902268680203729,0.3828932765679023,True,False
G0089,1.1015083279090478,0.2882355585324662,0.05767179402933118,0.2890816743324871,True,False
G0090,1.1286895457004533,-0.14105432018433614,0.2883719793211918,0.7270746146670022,False,False
G0091,1.3675244918335254,0.019488521420890182,0.43977753774510064,0.8514569946662162,True,False
G0092,1.878834563347447,0.06181045221084362,0.16868329527237713,0.5621450339399833,True,False
G0093,3.2923347099349587,0.459925013749348,9.180951996693674e-06,0.00010801119996110204,True,True
G0094,-1.5102162716700132,-0.060134674505740414,0.3019180091722558,0.7421967640721309,True,False
G0095,0.24072955786936126,0.09462706594241739,0.7743073761864958,0.9595191556223086,True,False
G0096,1.8268015961350046,0.40927183433148484,0.0016920027168672172,0.013270609544056605,True,False
G0097,0.0968656240191015,-0.04674519746238399,0.9440987303768308,0.9854892801428295,False,False
G0098,-0.572486062394574,-0.006138211711210558,0.8772865298979324,0.9805962052558767,True,False
G0099,-0.860974200785799,0.18382159358656644,0.26865696246695264,0.7048766374179642,False,False
G0100,0.8243263241297243,-0.040768332967524995,0.681426712529374,0.9367035533566056,False,False
G0101,0.9978534931459274,0.056563262809168124,0.5527975572695294,0.8973986319310543,True,False
G0102,-1.0898875504637509,0.0342386130348239,0.558008372327071,0.9008984950877003,False,False
G0103,0.5675030386804722,0.10570377027425205,0.6101953670816873,0.9196614424742838,True,False
G0104,-0.14109055824526717,-0.030722946647747593,0.9615496171066382,0.9903285742660182,True,False
G0105,-0.35990695063157346,-0.0753767767333941,0.7912231520571784,0.9622641288132145,True,False
G0106,0.7120957962277115,-0.10481829588309483,0.5515175643891319,0.8971988790551045,False,False
G0107,-0.02361017459237006,0.034148153776556084,0.9773411411430037,0.9970291007045761,False,False
G0108,-0.5268955201273203,0.019432598708241645,0.8685061914813078,0.9805962052558767,False,False
G0109,0.08266097331228676,-0.04004319656290489,0.9587252002258797,0.9903285742660182,False,False
G0110,-1.970350735293817,0.03186272876180131,0.16920565521593497,0.5621450339399833,False,False
G0111,1.4111039173241826,0.7570574790077107,3.446657854034066e-10,1.2765399459385429e-08,True,False
G0112,-0.4150268307178569,0.11688425252781584,0.6332668768359211,0.9266069353094634,False,False
G0113,-1.3743739937425028,-0.27670033127699145,0.04647335467391879,0.24607694680905481,True,False
G0114,0.19965382923421873,0.1940233217976807,0.4182376547521397,0.832313740800278,True,False
G0115,3.4784996925746103,0.6526085569218645,1.936774028531992e-09,5.500895477696657e-08,True,True
G0116,-0.5823673059278233,-0.15381035029376558,0.4436259650072063,0.8545938499846052,True,False
G0117,-0.1517419900043813,0.20034953021243707,0.4069180413386455,0.8295984532897971,False,False
G0118,0.6904918145781889,-0.013153714468234474,0.8123159699429299,0.9659481971388197,False,False
G0119,1.0761768300395917,0.1513646799724991,0.2822412230432969,0.7181710510007554,True,False
G0120,-0.7446040615886703,-0.09327488648734798,0.5726396624982724,0.90560923830615,True,False
G0121,0.353576340696515,0.15734192934801058,0.5088104498772379,0.8775136268729397,True,False
G0122,1.050766087627367,-0.043524069528114016,0.557268457644466,0.9008984950877003,False,False
G0123,-0.017603622998640833,0.14238056257546963,0.6725641923072396,0.9367035533566056,False,False
G0124,-0.7600975848253446,0.12167211103149035,0.4791379759276537,0.8684829282459985,False,False
G0125,-0.7563065700305923,-0.17402369070242116,0.3248251750800455,0.7607146957378115,True,False
G0126,2.954679185030624,0.43719534046184233,5.036034004448375e-05,0.0005112724877612563,True,True
G0127,-1.024671597860571,0.0693463376552565,0.5072126930373106,0.8775136268729397,False,False
G0128,2.020067069806051,-0.010177342925417726,0.1716427740342749,0.5664778020933164,False,False
G0129,-0.563594256803792,-0.2684714744033607,0.13909517173726402,0.5032595639503232,True,False
G0130,0.38371930778844204,0.04087206141534274,0.8742309599370726,0.9805962052558767,True,False
G0131,0.18796853271663513,-0.04926481898892358,0.9164151505020591,0.9849481638513282,False,False
G0132,0.640997483792763,0.1780536150555781,0.3478453416723954,0.7843186959918723,True,False
G0133,-0.3821176570837565,-0.16097348295854919,0.4862484417968902,0.8723411708369339,True,False
G0134,-1.2964804219148105,0.14607590273615953,0.22520818909516654,0.6414029694702934,False,False
G0135,1.6397176404920755,0.01917918868846472,0.30723147197395906,0.742806776132167,True,False
G0136,-0.07751930228046511,0.3801045754012136,0.0320615607040441,0.18062851100869914,False,False
G0137,0.1169981438691781,-0.15251767542148195,0.6024791949536746,0.9180773394233275,False,False
G0138,0.20036023055502963,0.14203528838801618,0.6170847811281392,0.9233833001142495,True,False
G0139,1.2616794581819455,-0.08158322637075009,0.3681545412660966,0.7991618232383174,False,False
G0140,4.493259906091738,0.3146902660156787,2.692804732426881e-06,3.65629012139732e-05,True,True
G0141,1.174064313578272,0.16001965253759406,0.23386267428642052,0.6541613266753021,True,False
G0142,0.8228328484195139,0.0891131939969094,0.5493969961979437,0.8971988790551045,True,False
G0143,3.5749902098445667,0.6554102166433236,1.1666543006709978e-09,3.645794689596868e-08,True,True
G0144,0.2552687939396635,-0.2427827043944514,0.24588267648871132,0.667781497039086,False,False
G0145,-0.7417651439547615,-0.18112378201548637,0.3093350961118181,0.742806776132167,True,False
G0146,-1.9371566491497856,0.08704756690079692,0.12969995788656422,0.48719295387721157,False,False
G0147,-0.2377681326169304,-0.12829288463749292,0.6565674481161241,0.9301446533637544,True,False
G0148,-1.0713318275358688,0.19696378221926472,0.18736559692210608,0.59292910418388,False,False
G0149,4.715234276806092,0.6614862309819067,6.8084612072736186e-12,4.69549048777491e-10,True,True
G0150,1.5604216853428594,-0.019909476925957882,0.34263899935823744,0.7792709415287093,False,False
G0151,1.1721856707450518,0.00442423209747425,0.5755150710047112,0.90560923830615,True,False
G0152,-0.5491815638138768,0.0038207296059123924,0.8906214333701781,0.9805962052558767,False,False
G0153,2.060317268060634,-0.04394490421443487,0.1345098564110297,0.4963463336200358,False,False
G0154,0.2533992812320869,0.43948803845176854,0.007155801470904224,0.0502161506730121,True,False
G0155,-1.2068897435037433,-0.03495803615620694,0.49423548844710863,0.8746142092515572,True,False
G0156,-0.7793230025985741,0.06420097527751463,0.641194058645296,0.9269542568075914,False,False
G0157,-0.9564529644397771,-0.05002639215051902,0.590374142793315,0.9132727613835102,True,False
G0158,0.13407187969537238,-0.07818756004736263,0.8597971574331238,0.9787104808572837,False,False
G0159,0.1954071326702732,-0.04500645174658526,0.9233608053088073,0.9849481638513282,False,False
G0160,1.9115464638389117,-0.09183980450954535,0.13143943556967788,0.48719295387721157,False,False
G0161,0.9989392566528211,-0.01209274359209302,0.6566821252748106,0.9301446533637544,False,False
G0162,1.222445607334755,0.08088201504914284,0.3869715712345624,0.8154922135352346,True,False
G0163,0.42002828164959954,0.30842467459559614,0.08874562522998138,0.3825242466809542,True,False
G0164,-0.14565883770371663,-0.2443121224808956,0.2602014993089531,0.6901896533393981,True,False
G0165,-0.68482219277553,-0.20670240740627752,0.2556726555440668,0.6817937481175116,True,False
G0166,-1.5075561512282898,-0.010258050758840426,0.3830393148571134,0.8103507563014292,True,False
G0167,-0.8681417950825945,0.004735786101473968,0.7428842208103404,0.9513443996891733,False,False
G0168,-0.3792773245430252,-0.006735031174878457,0.941420225442261,0.9852851179192671,True,False
G0169,0.7644023606506816,0.2808345592146552,0.09605333481608663,0.3985615552534715,True,False
G0170,-1.6848660706087986,-0.27386297254538905,0.02909313828597151,0.16816842939867926,True,False
G0171,-1.3647129188749334,-0.023261650166503202,0.4344444015701283,0.8491582229111572,True,False
G0172,0.22106476384654214,-0.19088500658135815,0.42420011503152744,0.8383401482836511,False,False
G0173,-1.0473843306876167,-0.04537586536662457,0.5546457525714283,0.8992985661952841,True,False
G0174,0.33695221466599795,0.07720980853661133,0.7943276004496417,0.9622641288132145,True,False
G0175,-0.41017461754565454,-0.2165364221408411,0.29186163208804466,0.7278344939851488,True,False
G0176,3.246211507210796,0.5993802901104832,6.418474751510376e-08,1.1461562056268529e-06,True,True
G0177,-1.331569666696742,-0.12691219719288555,0.24999878236371625,0.6738511654008524,True,False
G0178,-0.09247781239700711,-0.1572197801838303,0.5911192666082383,0.9132727613835102,True,False
G0179,-0.7272410768739086,-0.24687382407271266,0.15659268680128072,0.538806822095803,True,False
G0180,-0.6115347675492956,-0.10496133591004267,0.5941194422487464,0.9132727613835102,True,False
G0181,-0.6359034630891401,-0.11130593042238582,0.5632889614499104,0.9036664184602038,True,False
G0182,0.1876786983739694,0.12427122529657414,0.6885797843563661,0.9367035533566056,True,False
G0183,0.14922964639498315,-0.2342973451347458,0.29042645308341314,0.7270746146670022,False,False
G0184,-0.886170858288829,0.481814400244777,0.0011320303106978336,0.009278936972933062,False,False
G0185,-0.16048982674617002,0.12619477413820746,0.6904646832211163,0.9367035533566056,False,False
G0186,0.3987328445760572,-0.037793990824183436,0.8760003252579586,0.9805962052558767,False,False
G0187,1.0394617781712492,0.11526506729135938,0.3831779949956099,0.8103507563014292,True,False
G0188,0.7832769565629496,-0.103957533783033,0.5232155674010548,0.886008019421919,False,False
G0189,0.20954380505701523,0.06212743532453848,0.8799370945042898,0.9805962052558767,True,False
G0190,-1.1424495388486358,-0.05007303087059287,0.49459433533175556,0.8746142092515572,True,False
G0191,-0.7699397816270847,0.3238338876672217,0.048866894343243164,0.25522192178195474,False,False
G0192,0.9145488547160262,-0.04258496062397665,0.6306636711605854,0.9266069353094634,False,False
G0193,-0.7021661902441532,-0.04489141556736479,0.7307410705249098,0.945331268466895,True,False
G0194,4.156943629927924,0.7124680873388423,3.135264580801517e-12,2.411741985231936e-10,True,True
G0195,1.2739675027107775,-0.07933260796794976,0.36753165895841944,0.7991618232383174,False,False
G0196,-1.0621759879800494,-0.029404123840937553,0.5838157565066386,0.9082020868828061,True,False
G0197,0.44061466086845996,0.050762661920951684,0.8288795200799499,0.9677201599165242,True,False
G0198,3.5359602066886384,0.6350921456321446,4.0596052023120496e-09,9.90147610320012e-08,True,True
G0199,2.027703646541293,-0.08937825104803393,0.1079245333327952,0.4215802083312312,False,False
G0200,0.8380459588414887,0.00910732185131426,0.749097099055893,0.9524086065502126,True,False
G0201,-0.5104593966990858,-0.0256511238111504,0.8615986034404277,0.9797060764886464,True,False
G0202,0.40730846501659385,0.10465288900289628,0.678589450045666,0.9367035533566056,True,False
G0203,-0.9176837376394822,0.12322286283164843,0.41095862745976597,0.8305438252367496,False,False
G0204,-0.1514825234540584,0.06059478778311341,0.9007528516675509,0.9813269197031894,False,False
G0205,0.2049894176197414,0.039945414777005174,0.930922752760114,0.9849481638513282,True,False
G0206,0.14937132048920326,0.26881997256395307,0.19244701423605579,0.6014093146128499,True,False
G0207,0.30776852930472404,-0.13076999396162542,0.6229057393474637,0.9239260876901152,False,False
G0208,-0.9069403290648497,0.24564528021626508,0.13119605544175963,0.48719295387721157,False,False
G0209,-1.8532797632920899,0.08080183496205269,0.15676795982567188,0.538806822095803,False,False
G0210,3.769947482204714,0.36710714248629905,1.7732487590163716e-05,0.00019812835296272307,True,True
G0211,-0.8923571785071335,0.019516452518790268,0.6975699329740732,0.9367035533566056,False,False
G0212,-0.7001841347419209,-0.2120690019586066,0.23851448679980408,0.6599626093294901,True,False
G0213,2.137336020048613,-0.018381565638440834,0.13244707537973746,0.4896379866164047,False,False
G0214,1.162887985930516,-0.3042405400013359,0.04140717553438176,0.2254420550727367,False,False
G0215,-0.17445115837117137,0.10953524676768461,0.7463769624724408,0.9517208422050577,False,False
G0216,2.888425424562671,0.29346901535813574,0.0013330140286861444,0.010793635859806836,True,True
G0217,-1.2981957858218025,0.24792197923788312,0.0772963542800079,0.34781155501398636,False,False
G0218,0.36119607530687625,-0.10840916658998175,0.6834368247988118,0.9367035533566056,False,False
G0219,1.0693488162026488,0.008429652120650848,0.6253983989220523,0.9261310523870044,True,False
G0220,-0.2885149312958642,-0.20337402210158723,0.36268655415976814,0.7971133058456443,True,False
G0221,0.1350996684309653,-0.01899137609721092,0.9779872973240051,0.9970291007045761,False,False
G0222,0.2548057321719109,0.006888554559301585,0.970723401423576,0.9949199524773163,True,False
G0223,1.0661931913167966,0.07632896378894174,0.4697047058124528,0.8673207364275747,True,False
G0224,2.158419934609572,0.814857341449803,2.0500147445521791e-13,2.4117820524143284e-11,True,True
G0225,0.15595228417809592,0.24766413058392042,0.2486125287553383,0.6710189709995635,True,False
G0226,0.4055309396693164,0.11820584489410939,0.6322539184976639,0.9266069353094634,True,False
G0227,5.811713442591661,0.38793301702292105,7.023971340467867e-10,2.422059082919954e-08,True,True
G0228,1.5970776673002467,0.3003426764205656,0.022520473975736383,0.13648772106506898,True,False
G0229,-1.1006968927549776,-0.04483355039849818,0.5281213431728207,0.8868536409283302,True,False
G0230,-0.5805535747353854,-0.12647572773973145,0.5356665726439916,0.892752634574087,True,False
G0231,-1.5241825933994875,0.1025490974888878,0.2283359227621391,0.6442587655307545,False,False
G0232,0.19320247633808044,-0.006249632055419715,0.9821492486099057,0.9974002660959864,False,False
G0233,0.1923600343706529,0.0816114862563708,0.8315467462696049,0.9677201599165242,True,False
G0234,0.511831619562478,-0.03437729588469527,0.8412382817389742,0.9732337077398603,False,False
G0235,-0.9698719868992316,0.059007930869331385,0.5607548812742089,0.9015351788974421,False,False
G0236,-1.1402306824373305,0.26725476939824616,0.07416365580535134,0.3402002559878502,False,False
G0237,1.5255985568452461,0.05657725098720449,0.30126824878961755,0.7420400216493043,True,False
G0238,0.1821821006705711,0.1432414683682697,0.618346333776773,0.9233833001142495,True,False
G0239,4.4370647708161775,0.37660880783689793,9.58289647187808e-07,1.4410370634403127e-05,True,True
G0240,3.7577925474231426,0.33982779614177083,3.2808029591861054e-05,0.00035277451174044145,True,True
G0241,-1.4617071548886484,-0.05135725753529293,0.337612286696839,0.776034220774707,True,False
G0242,1.5575420517250875,0.46288631634525296,0.0006974308981911135,0.0058854928117393545,True,False
G0243,1.2351303301279137,0.05088803679069636,0.4460432101024293,0.8558326903137617,True,False
G0244,-0.45072343592503444,-0.09408665603603991,0.6966201853290285,0.9367035533566056,True,False
G0245,-1.924658649543978,0.06009566905813418,0.157260867576978,0.5394883964904905,False,False
G0246,0.6652413751640003,0.026698584636592353,0.7933313311584558,0.9622641288132145,True,False
G0247,2.0900576770323624,0.2717515051825144,0.013672033353323102,0.08820666679563291,True,False
G0248,0.2775930050167772,0.004657393859889293,0.9688185262925518,0.9936600269667198,True,False
G0249,-2.6865119295384985,0.1878201768634672,0.010052205556019518,0.06764945515531948,False,False
G0250,0.45712506269790815,-0.1231179138364092,0.5952206143328336,0.9132727613835102,False,False
G0251,1.3858391017801304,0.7017292562598002,2.440404279151338e-08,4.980416896227221e-07,True,False
G0252,-0.867406335005274,0.1157423797946139,0.45255261418031856,0.857107223826361,False,False
G0253,0.8859014139300078,0.0373298097173676,0.6585521846987846,0.9308158087615329,True,False
G0254,-1.8244771529263604,0.07878991896813343,0.1668227950290096,0.5616929125555878,False,False
G0255,-1.8638027071363261,-0.10824708093309415,0.12719399358400652,0.48454854698669153,True,False
G0256,1.8795211229879483,0.5377755740290172,3.3024492528404984e-05,0.00035320312864604256,True,False
G0257,5.618079403606544,0.31274305448197876,1.0417612882977763e-08,2.341036602916351e-07,True,True
G0258,1.6156522730863847,-0.15515153856882324,0.13127191458977447,0.48719295387721157,False,False
G0259,-0.6082825247328483,0.09434826879239736,0.6296077783950595,0.9266069353094634,False,False
G0260,0.9995227277248219,-0.15170344660380888,0.30639485525674565,0.742806776132167,False,False
G0261,0.5789161317446107,0.31525109631357645,0.06875874853697364,0.32710124965764314,True,False
G0262,0.2609816525837876,0.06490415426334954,0.8562447551501067,0.9785022197076156,True,False
G0263,3.9688243962922747,0.7670245358100338,8.35875673654334e-14,1.1921216476878669e-11,True,True
G0264,-0.7261088283281923,0.16026851349418636,0.3742839834674917,0.8027551419399165,False,False
G0265,4.955956975542855,0.5981015806328907,5.697303343026952e-11,2.9216940220651037e-09,True,True
G0266,4.864205278669384,0.6079498104145755,5.623156063198342e-11,2.9216940220651037e-09,True,True
G0267,2.6999110321378934,0.08667130676739011,0.024719080819793567,0.14713738583210456,True,False
G0268,0.9151961120905852,0.01659030521363484,0.6921006202273547,0.9367035533566056,True,False
G0269,-2.454719734122884,0.252274887814046,0.007933567731511618,0.055286186282310926,False,False
G0270,2.3164378932619356,0.6390346884363519,1.390789141774986e-07,2.4187637248260627e-06,True,True
G0271,0.33010467030349916,0.04925864544220837,0.8728881630709628,0.9805962052558767,True,False
G0272,0.06506912089235681,0.20662015751832896,0.4039454809320275,0.8260643781841053,True,False
G0273,-1.8644094883871256,0.027460131044185564,0.20787265668069538,0.6186686210734982,False,False
G0274,-0.1439666414314209,0.13343664333424404,0.6684532957719096,0.934899714366307,False,False
G0275,3.3015938389092296,0.6662972926272542,1.6413473625655988e-09,4.8274922428399965e-08,True,True
G0276,-0.054278708897502914,-0.023402698769068923,0.9849448894929893,0.9974002660959864,True,False
G0277,-0.12726554273888452,-0.12426918302055077,0.708509143525021,0.9367035533566056,True,False
G0278,3.0463877581893413,0.3790487372375072,0.00015855222395563562,0.0014957756976946757,True,True
G0279,6.107121342461986,0.49210940345186266,6.459447645882736e-12,4.6138911756305256e-10,True,True
G0280,0.6786376997094532,0.0796815031321816,0.6436412453857905,0.9269542568075914,True,False
G0281,1.6532489248756326,0.2898173468067456,0.02414646304553124,0.1450238020752627,True,False
G0282,-0.8681769624525881,-0.04715010405353318,0.6428758930682112,0.9269542568075914,True,False
G0283,-0.666944954024727,0.10113112320664261,0.582642721342515,0.9082020868828061,False,False
G0284,2.140404739784422,0.5257118532347745,2.8620386377610533e-05,0.0003145097404133026,True,True
G0285,-0.43121488223208126,-0.15254621657135928,0.5001555299918795,0.8753926278132457,True,False
G0286,-0.35440504598183725,-0.13933202938518757,0.5748399489904119,0.90560923830615,True,False
G0287,-0.9268618689122033,0.2647866546221164,0.10007728207666579,0.40764677016971806,False,False
G0288,0.944921277003172,-0.22713784020481761,0.15674216343295952,0.538806822095803,False,False
G0289,0.8471816787957207,-0.03832275579079331,0.6759861804044798,0.9367035533566056,False,False
G0290,0.950401570385296,0.13526330928203364,0.3657022108696621,0.7991618232383174,True,False
G0291,3.3662719944501593,0.26060736194058254,0.0005180962513688729,0.004466346994559249,True,False
G0292,2.079354344367272,0.5285777706954639,2.974323424358442e-05,0.0003250626693287915,True,True
G0293,-0.9150045447575238,-0.22261635267602173,0.17063697634194605,0.5652792335506933,True,False
G0294,-1.0156728289296924,0.16171901605968492,0.27718970099938917,0.7134870038594316,False,False
G0295,-0.5475899435580468,0.4100434496096101,0.01113112809140303,0.07392164060926619,False,False
G0296,0.5811843482629601,-0.1775319534286125,0.3674035629451347,0.7991618232383174,False,False
G0297,-0.15240902769506454,-5.287945048508736e-05,0.9923137317346027,0.9974002660959864,True,False
G0298,3.9058539816682227,0.5378735721932877,7.512020994244208e-08,1.3295612379193287e-06,True,True
G0299,0.08997561210312803,-0.07550018769846523,0.8800680502919714,0.9805962052558767,False,False
G0300,0.4198526897707232,0.09196874619315919,0.715920677809019,0.9382970875609685,True,False
G0301,0.16032857624651692,-0.09691154120074517,0.7940443846557113,0.9622641288132145,False,False
G0302,-0.6690400774601691,-0.07489971636822933,0.6622980947274162,0.9338668066677295,True,False
G0303,0.06208313628986076,-0.11260112413343223,0.7716271431713284,0.9595191556223086,False,False
G0304,-0.42389490291531196,0.0020570254353352493,0.9358438106846882,0.9852851179192671,False,False
G0305,-0.32779061865487175,0.08087456987966232,0.7865900237327061,0.9622641288132145,False,False
G0306,-0.09169298400258642,0.15557366291518795,0.5979317488284256,0.9149682461031762,False,False
G0307,0.7513715983602517,-0.006693036486538263,0.797460720426946,0.9631168121098382,False,False
G0308,1.82328884650128,-0.15119509196310327,0.09600121675949223,0.3985615552534715,False,False
G0309,6.904398796221421,0.46821364279684613,8.124424481460738e-14,1.1921216476878669e-11,True,True
G0310,0.6267432391050428,-0.06804467806337534,0.7017305958128273,0.9367035533566056,False,False
G0311,-0.40158413408703963,-0.04954261849171688,0.8468094612199442,0.9763277083865131,True,False
G0312,-0.31002690509185754,0.09651339238555103,0.7431233517315863,0.9513443996891733,False,False
G0313,-0.2670179188103545,-0.012070991731539568,0.9616090456123035,0.9903285742660182,True,False
G0314,1.1510408153925507,0.02267798817705538,0.5501542231205502,0.8971988790551045,True,False
G0315,-2.765319364121303,0.016136572444838918,0.03240333810387146,0.18204122530264863,False,False
G0316,0.25780175753797147,-0.00526318113150027,0.9720367935703381,0.9949199524773163,False,False
G0317,-1.9924894298360938,-0.06282097407526187,0.13689338076571314,0.500524244115953,True,False
G0318,4.179858023687569,0.6693760580875759,4.7404972098046054e-11,2.5624309242187057e-09,True,True
G0319,3.421840588813863,0.5496410586171595,2.884008490298626e-07,4.746850325246401e-06,True,True
G0320,-0.9109410099702434,-0.009421028233158654,0.7102084624043805,0.9368069099118345,True,False
G0321,1.1844282969217255,0.16238971441583977,0.22619713021670723,0.6416939864303751,True,False
G0322,1.2971206879121742,-0.09872156258432055,0.31772020525346717,0.7537845913486765,False,False
G0323,4.804546794745574,0.6398056006407302,1.491796665478094e-11,9.323729159238086e-10,True,True
G0324,0.4985770575690743,0.0915058890855963,0.6853789996893553,0.9367035533566056,True,False
G0325,3.7608431148097874,0.3228591108814653,4.5130062738230026e-05,0.00046313763297082557,True,True
G0326,-0.8024897802265831,0.11508880421027526,0.481568736961823,0.8694114701993875,False,False
G0327,3.9133356357899576,0.4423473224300408,1.6043726586185979e-06,2.2919609408837113e-05,True,True
G0328,5.177668428889744,0.5160977882251596,5.179214850005572e-10,1.8497195892877043e-08,True,True
G0329,3.1851481922412694,0.3650217022101806,0.00013980190174441988,0.0013314466832801894,True,True
G0330,0.2810641849474586,0.08067626118345282,0.8041503005450676,0.9659481971388197,True,False
G0331,1.2832883388517644,0.036467777433264105,0.45138064225850627,0.8565097576062738,True,False
G0332,1.1319475477604224,-0.29303165740483267,0.05149217974099355,0.2654236069123379,False,False
G0333,-0.7488273889133079,-0.0994304974759263,0.5520648320385846,0.8971988790551045,True,False
G0334,1.3600266486382584,-0.13343496695447063,0.22903645565452593,0.6442656980436735,False,False
G0335,0.7446196832152544,-0.00677816051138363,0.8005226843951596,0.963904496562504,False,False
G0336,0.15869479156249844,-0.09146784349917979,0.8121488647184423,0.9659481971388197,False,False
G0337,4.3109832679623095,0.5357887402512036,1.5271246783575463e-08,3.319836257299014e-07,True,True
G0338,0.9254524962253332,-0.0743429437607772,0.5423801873286758,0.8948804715434024,False,False
G0339,0.7459345151871914,-0.0374979544542591,0.7286591026455314,0.9443335199071374,False,False
G0340,-0.5078481977509033,0.18995981023728822,0.3494429591047887,0.7852650766399745,False,False
G0341,0.8334746199669152,-0.03217959908846955,0.6981713899553283,0.9367035533566056,False,False
G0342,-1.108514412301999,-0.07086613142237631,0.4628373466005461,0.8603576656962356,True,False
G0343,-0.1264491227714888,0.009296672796729485,0.9885390940051875,0.9974002660959864,False,False
G0344,-1.693261276985647,-0.19105647101153028,0.08136655385675377,0.3592342333631513,True,False
G0345,-1.7043918996055545,-0.23596872615559386,0.047294388202055705,0.24957460792641534,True,False
G0346,0.4430561033239018,-0.0013218594340116063,0.931228046000687,0.9849481638513282,False,False
G0347,-0.08200669955905049,-0.08555509945006819,0.8539131669426703,0.9785022197076156,True,False
G0348,0.08475440124556048,-0.2117192055975047,0.3806847449032471,0.8097139062763559,False,False
G0349,0.5919499767487824,0.14086067381422557,0.48317405970047667,0.8711032753756919,True,False
G0350,0.34998368779746,0.10444494218256024,0.7013561420561836,0.9367035533566056,True,False
G0351,-0.886384351502139,0.03503186930976177,0.6639531362124798,0.9338668066677295,False,False
G0352,0.07343178276064566,-0.0787202582518626,0.8759113905898679,0.9805962052558767,False,False
G0353,-0.06707020792574978,-0.028867708687846987,0.9771884839375293,0.9970291007045761,True,False
G0354,-0.519970408800933,-0.08539623961779555,0.6958798264547836,0.9367035533566056,True,False
G0355,-0.12454843976057299,0.12950598854994413,0.6896817629426569,0.9367035533566056,False,False
G0356,-0.3654160240962872,-0.2150446629124317,0.30648009552773536,0.742806776132167,True,False
G0357,-0.6491088376422087,0.04106377801489416,0.7654551588714926,0.9588610916204697,False,False
G0358,-0.3342605684970176,0.0029031615425953875,0.9585180315785365,0.9903285742660182,False,False
G0359,3.321736908143426,0.4952019530155308,2.8157279021407754e-06,3.741205494051157e-05,True,True
G0360,2.0632253358554142,0.09291327749556964,0.0983557765833414,0.40272780993364726,True,False
G0361,0.9824587692263724,0.3398846647994081,0.02861046063232444,0.1660654738584892,True,False
G0362,0.5219173594288558,0.2804479512871584,0.12269315786999187,0.4700887274712332,True,False
G0363,-1.4613287536755386,0.17616006010355115,0.13677872589968057,0.500524244115953,False,False
G0364,1.5900248225022127,-0.0082318945026277,0.3453860542721224,0.7823013686797788,False,False
G0365,-0.33337532833677336,-0.05631808794902713,0.854117185309992,0.9785022197076156,True,False
G0366,0.13887565846877753,-0.10218613957350402,0.7834621135685509,0.9622641288132145,False,False
G0367,1.2774191824530536,-0.10803364046043641,0.3062813272692162,0.742806776132167,False,False
G0368,0.9876771429401447,0.04738290033725572,0.5808387174787193,0.9075604960604989,True,False
G0369,-1.4918593805895703,-0.21487880259785244,0.0867251744500536,0.3773423675211562,True,False
G0370,0.5551928698768974,0.1457411079825943,0.48022889045262607,0.8686508775679089,True,False
G0371,-0.22739227707520832,0.10481390714088178,0.7447027923073011,0.9516968591786594,False,False
G0372,0.6191235485453414,-0.020029992268426066,0.8291867513205304,0.9677201599165242,False,False
G0373,0.15238438770182497,0.11251242233079829,0.7431858722903679,0.9513443996891733,True,False
G0374,0.7360392732863742,0.34468128540526216,0.035136727812388906,0.1957477872556485,True,False
G0375,0.2919556385104991,0.044567111178872916,0.8962767977899733,0.9805962052558767,True,False
G0376,2.586368291222906,0.6590524273606525,2.277413965357286e-08,4.794555716541655e-07,True,True
G0377,1.1769789888757418,-0.043982275775610334,0.4904525948713224,0.8728019750064461,False,False
G0378,-1.5440465798486414,-0.09089088211917574,0.239765902283156,0.6610677371942232,True,False
G0379,-0.4330600784097928,0.1502568664996995,0.5076895149497093,0.8775136268729397,False,False
G0380,-0.9555990113573107,-0.28731800062779045,0.07030834439272987,0.32931308849053803,True,False
G0381,-0.14387154248715003,0.14394176338192893,0.627873069914172,0.9266069353094634,False,False
G0382,-0.4299427303959654,-0.0001228381769413131,0.9370215409643299,0.9852851179192671,True,False
G0383,-0.1480479953537162,-0.07204469447281076,0.8725955945749554,0.9805962052558767,True,False
G0384,-0.4904381983527802,0.012888155313213714,0.8952592227896478,0.9805962052558767,False,False
G0385,-0.46959800720274825,0.01670164486811655,0.8953399622284217,0.9805962052558767,False,False
G0386,-1.6440516099343072,0.1871388353549659,0.09204975323032528,0.3900382474614613,False,False
G0387,-0.03766949946740159,0.12627047391636814,0.7290254773683101,0.9443335199071374,False,False
G0388,0.3083049095236414,0.030137117822288423,0.9213413417622275,0.9849481638513282,True,False
G0389,2.0477486241965894,0.3823232682979641,0.001982289690043985,0.015426378910848132,True,True
G0390,-0.6569375616910381,-0.14168216362346836,0.4563972379610629,0.8586965907075501,True,False
G0391,-0.6445764692431349,0.02986527423748248,0.7952372818164519,0.9622641288132145,False,False
G0392,1.67904090351525,-0.38627237377945056,0.0038074421578529723,0.028203275243355353,False,False
G0393,0.18801780255100786,0.1448883778568677,0.6100931357848631,0.9196614424742838,True,False
G0394,0.38773964004757955,-0.00016439096338663096,0.9487994921366315,0.9862780583540869,False,False
G0395,-0.3004057185718786,-0.24928378559621434,0.22051136946154914,0.6373047980796932,True,False
G0396,-0.4999450767603937,0.0847342580476457,0.7063881686973466,0.9367035533566056,False,False
G0397,-0.8785795397862548,-0.13333513029356697,0.3979950547857932,0.8214552214361057,True,False
G0398,1.5421277906365094,-0.06990513615736754,0.2733525753809123,0.7081672937329334,False,False
G0399,-1.7004302225916876,-0.26791486864387093,0.030865655837680583,0.1760393738407182,True,False
G0400,0.29997028109836266,-0.11233840945737132,0.6924626390717836,0.9367035533566056,False,False
G0401,-0.024041568628168242,0.02392033071011575,0.9880943369406061,0.9974002660959864,False,False
G0402,-0.2556222959903867,-0.012670577614270527,0.9632788829795674,0.9915377076475218,True,False
G0403,-1.5664075281148082,0.04334173597150984,0.3046584765006889,0.742806776132167,False,False
G0404,-1.235025430725615,-0.10970180497010391,0.3189623251678732,0.7547707259092636,True,False
G0405,0.9816647225275232,0.08412406276993759,0.4895174079462853,0.8728019750064461,True,False
G0406,-0.6937329857087203,-0.2225506810633329,0.21459235050572462,0.6302271674176935,True,False
G0407,0.8790978295691783,-0.08599133352549422,0.5322834009045545,0.8905565357033843,False,False
G0408,0.669728695445833,-0.39823966238123637,0.012786983326648451,0.0835750544225389,False,False
G0409,0.5793836861116928,-0.04711012796188864,0.7810489139643984,0.9622641288132145,False,False
G0410,0.7614914886480191,-0.08326762112976849,0.5948413672014874,0.9132727613835102,False,False
G0411,-1.210266582398806,-0.03051436386689961,0.5017374895440547,0.8753926278132457,True,False
G0412,-0.4740597148279437,0.08404586252353091,0.7193088691243148,0.9390455210500194,False,False
G0413,5.344773333173245,0.6392965999846105,9.816671567363672e-13,8.924246879421521e-11,True,True
G0414,1.9422362307756944,0.6464324383688566,2.2682816360536612e-07,3.812238043787666e-06,True,False
G0415,1.66460027699844,-0.03798397635215137,0.27122883825034444,0.7059898037512672,False,False
G0416,-0.5596384207746075,-0.29576526607194736,0.09491069847868927,0.3971158932162731,True,False
G0417,-0.06431133756908987,0.27213130947998215,0.19485661793456335,0.6014093146128499,False,False
G0418,-1.0251259578787193,0.1929619690341506,0.20590907860627514,0.6157336525230042,False,False
G0419,3.8484540781180807,0.5251863514010688,1.498847580034929e-07,2.584219965577464e-06,True,True
G0420,-0.7338069980125075,0.17995489393692352,0.3148956749338251,0.7506452322618,False,False
G0421,-0.24250234233672782,0.12712379498904156,0.6592808344489556,0.9311876192781858,False,False
G0422,-1.138723286136307,-0.09672753610745279,0.38735880142923645,0.8154922135352346,True,False
G0423,1.191756725953611,0.10665025049556416,0.34258534538107555,0.7792709415287093,True,False
G0424,-1.6326267901996097,0.17500496017585448,0.10600936110558827,0.4170836656971292,False,False
G0425,0.4511191704032808,0.12004293180242862,0.6082941152583282,0.9186633847481861,True,False
G0426,0.23707015541665424,-0.013485971178698822,0.966097826897624,0.9929062969143104,False,False
G0427,0.4377991401279541,-0.05830512085287663,0.8099332891231714,0.9659481971388197,False,False
G0428,-1.0206523209921416,0.35585933455843505,0.020183385798866214,0.12420545106994595,False,False
G0429,1.033740779680656,0.04061341208702008,0.5730972177445175,0.90560923830615,True,False
G0430,0.9643871376527546,0.08192069251656871,0.5034705779349185,0.8755993851012616,True,False
G0431,0.15958145076011657,-0.21037329830546592,0.3688131814244835,0.7991618232383174,False,False
G0432,0.3126617481986348,0.10242275283231736,0.7222461119544271,0.9410372794194489,True,False
G0433,-0.15735924086150263,0.03704390538931655,0.9478665638581005,0.9862780583540869,False,False
G0434,0.6430504577864755,-0.12926807592320003,0.5019072208663495,0.8753926278132457,False,False
G0435,-0.8211991465880474,0.19342799044449271,0.25545313639580364,0.6817937481175116,False,False
G0436,0.5548562711366947,-0.0004039495859146631,0.8946733527989024,0.9805962052558767,False,False
G0437,0.4063264472423496,0.09722949741544136,0.7039655528031427,0.9367035533566056,True,False
G0438,1.8987493203823613,0.4711054148011472,0.0002834944962746594,0.002588990833558533,True,False
G0439,-2.624050479251208,-0.10487969171303853,0.026036816059342317,0.15336364516452414,True,False
G0440,2.951808376534018,0.5626450992373656,8.014573791590869e-07,1.2522771549360733e-05,True,True
G0441,-0.16156005055105666,0.2076295879813316,0.3781307662607222,0.8062489685729683,False,False
G0442,1.2180508898492588,-0.16585298107911559,0.2103327410267193,0.6232081215606498,False,False
G0443,3.218886194579619,0.42143643637630535,3.339970088464017e-05,0.00035343598819725046,True,True
G0444,-0.49779761538264544,-0.13675516717660052,0.5321201538720952,0.8905565357033843,True,False
G0445,-1.3597984298699786,0.11105990181575787,0.27010023390763155,0.7059898037512672,False,False
G0446,-0.08826368230603658,-0.06936481407421398,0.896561882215047,0.9805962052558767,True,False
G0447,-0.5838378815798122,0.04408838768616464,0.7869580631967427,0.9622641288132145,False,False
G0448,-1.1027196763993685,0.171270849950904,0.23080621734460788,0.6474227695500923,False,False
G0449,-0.12041668565724682,-0.16891187880360878,0.53635595839982,0.892752634574087,True,False
G0450,1.056987232484185,0.22091427375313333,0.14748657473113622,0.520234831503126,True,False
G0451,0.09276256972517734,0.004230368046742121,0.9952473446286254,0.9974002660959864,True,False
G0452,-1.0490626538993348,-0.026416056641467043,0.5976415631924505,0.9149682461031762,True,False
G0453,0.3272729922883131,0.22929734222791473,0.2714530795423622,0.7059898037512672,True,False
G0454,-1.0980677001180132,0.06841851513167328,0.4737571009766097,0.8682968214197113,False,False
G0455,-1.57767762267563,-0.19745815398645594,0.09194909916832965,0.3900382474614613,True,False
G0456,0.494254386932052,-0.009055503002500284,0.9010773439193629,0.9813269197031894,False,False
G0457,-0.5503509525557123,-0.11590278539314257,0.5832624462497438,0.9082020868828061,True,False
G0458,4.079955706689517,0.6675533364377253,8.033885540493779e-11,3.918968556338429e-09,True,True
G0459,0.31102255625021874,-0.07072698415615973,0.8228210400989453,0.9677201599165242,False,False
G0460,-0.8064202443092616,-0.051080887827571454,0.6636318761916407,0.9338668066677295,True,False
G0461,0.21930528604931177,0.14361209252104376,0.6048171229245982,0.9180773394233275,True,False
G0462,1.2955149941392483,-0.25422930730617216,0.07142860487139538,0.33208732597599633,False,False
G0463,-0.18871357964260987,0.04193161341319414,0.9312684889214309,0.9849481638513282,False,False
G0464,-1.0611307211700893,-0.035284198591288514,0.5709912100323606,0.90560923830615,True,False
G0465,-0.6614577328365362,0.04826714202005207,0.7409534065871441,0.9505495915165416,False,False
G0466,-0.8130609983165433,-0.3559380230581032,0.026071819677969104,0.15336364516452414,True,False
G0467,-1.1809879147762212,-0.1433922117015575,0.2661044870325554,0.7011975942886836,True,False
G0468,-1.2924846878061964,-0.06138779640328808,0.3963814711885921,0.8198169000798182,True,False
G0469,0.4223796497945787,0.2476440004781194,0.20458754014730599,0.6153656593295883,True,False
G0470,1.1094558600155815,-0.18863907894200527,0.19445086708228235,0.6014093146128499,False,False
G0471,-0.36188354890642976,-0.16886029804621033,0.4641629606431191,0.8603576656962356,True,False
G0472,0.7865822722196931,-0.028968961051719207,0.729647210358273,0.944527133149868,False,False
G0473,0.9081969097886737,0.04741012693389962,0.6217757345164415,0.9233833001142495,True,False
G0474,1.683960992649587,-0.09219559700519438,0.19234903088942865,0.6014093146128499,False,False
G0475,-0.1863480923945509,0.012647931737647255,0.9766295558523415,0.9970291007045761,False,False
G0476,-0.3494163723249047,-0.24559894748652955,0.22202292291154802,0.6373047980796932,True,False
G0477,1.4205339693319747,0.6701114997345351,1.6806792434799762e-07,2.872955971760643e-06,True,False
G0478,0.09757681739308861,-0.05104753624951481,0.9356389403541259,0.9852851179192671,False,False
G0479,0.3020370702905364,0.01894398007487257,0.9429244382405275,0.9854892801428295,True,False
G0480,1.2965584560032306,0.40512263024929235,0.004774280401613036,0.03459623479429737,True,False
G0481,-0.42927096065800385,-0.08455561368419674,0.7359197313022108,0.9489616135425025,True,False
G0482,0.21653809754282186,-0.18631999631955765,0.4423052105126243,0.8538710627656839,False,False
G0483,2.1336104760865924,0.5495125362942384,1.2120211281730424e-05,0.0001401180494997737,True,True
G0484,-0.1594366601211715,0.2504764930337936,0.23996213949110723,0.6610677371942232,False,False
G0485,-0.673309204617918,-0.02856599198635972,0.7851907838352937,0.9622641288132145,True,False
G0486,1.7050389577257492,0.4036244445682171,0.002447780059241828,0.01868534396367808,True,False
G0487,-0.21971470836291232,-0.0055610374634125145,0.9785840623415414,0.9970291007045761,True,False
G0488,-0.44655325398506635,-0.007319860222478715,0.920288009607336,0.9849481638513282,True,False
G0489,0.37157630865815144,0.1509376629311285,0.5262887635366198,0.886008019421919,True,False
G0490,0.8038355292807309,0.10804065458499763,0.5020612776860408,0.8753926278132457,True,False
G0491,-1.4923624495099834,0.05658367714825342,0.3153344601935932,0.7507963337942696,False,False
G0492,1.003358559759837,0.07245566249981533,0.5096497418477912,0.8779495983596748,True,False
G0493,-2.226357055348022,-0.12087015391235784,0.057077650236114705,0.28881762585032283,True,False
G0494,0.24745245202827512,-0.18885070394374337,0.42461931937443964,0.838340215941638,False,False
G0495,0.7102939772080993,0.06095363381944696,0.6833161881468691,0.9367035533566056,True,False
G0496,-0.6507130252482807,0.07905268218967541,0.6582138339049417,0.9308158087615329,False,False
G0497,2.555055604174641,0.44286646217421904,0.00013341975758789996,0.001282882284499038,True,True
G0498,-0.7817719892257678,0.043291797945455526,0.6962480750232175,0.9367035533566056,False,False
G0499,0.8947509527987912,0.0950205366010393,0.4997019977811443,0.8753926278132457,True,False
G0500,-3.172167591700985,-0.17085984111994082,0.0030694366305107747,0.02307847090609605,True,False
G0501,1.160543999229387,0.37527638573205685,0.011280375480396827,0.07445792396301536,True,False
G0502,-1.9369926265030952,-0.12968146341119166,0.09415642247697051,0.3953684246252704,True,False
G0503,0.1883966056342687,-0.27873513143334566,0.16426060188394512,0.5568155996065937,False,False
G0504,3.4727926587228817,0.6314170594169707,6.166382658740419e-09,1.4509135667624514e-07,True,True
G0505,1.191577271390824,-0.03388588248237716,0.5045874010137382,0.8760197934266288,False,False
G0506,0.6681510275884744,0.06141314526261205,0.701774608205004,0.9367035533566056,True,False
G0507,0.24822638419435844,0.0950015782378193,0.7704448871170474,0.9588610916204697,True,False
G0508,-0.7660616997767863,-0.13531066841814404,0.43519358924196805,0.8491582229111572,True,False
G0509,4.301947703563049,0.7311700641740182,4.186538206310495e-13,3.987179244105233e-11,True,True
G0510,0.6233141286171642,0.045752412686890016,0.7650661922467081,0.9588610916204697,True,False
G0511,-0.8443057566706456,0.1516193691940569,0.3591333334869939,0.7933522980838277,False,False
G0512,-1.27956467470385,0.2543447641080724,0.07296171441702318,0.33622909869595935,False,False
G0513,-0.6286759141200913,-0.07122347855795978,0.6915406391162353,0.9367035533566056,True,False
G0514,1.0818130058125723,-0.09219818408101547,0.4231364717434659,0.837515997102692,False,False
G0515,1.2508603318270646,0.027129128346956456,0.487017278122601,0.8723411708369339,True,False
G0516,1.615795513653242,0.1667133854320761,0.1179891148469506,0.4564375816129617,True,False
G0517,-0.7754225117329068,0.17147328773110965,0.3261262651122352,0.7610881332840962,False,False
G0518,-0.35985649887990373,-0.29531510739331795,0.11396414738538053,0.44172150149372297,True,False
G0519,1.3827041265265452,0.21554637648604927,0.10144315623587946,0.40944396629728347,True,False
G0520,0.2200551549419594,-0.06673849729912307,0.8646505129895115,0.9805612268786049,False,False
G0521,0.7642211964988305,0.07366790176617719,0.6215620821676588,0.9233833001142495,True,False
G0522,1.2988920575691743,0.26205757012779807,0.06395027467637505,0.31271527959107603,True,False
G0523,-0.3693920074756979,-0.13232809774912105,0.5950941115406346,0.9132727613835102,True,False
G0524,-0.015788982408334904,0.0549486959551451,0.9460436474139514,0.9862780583540869,False,False
G0525,-0.3539161706039926,-0.2676485731209109,0.16824446215547068,0.5621450339399833,True,False
G0526,-0.41373066964502936,0.121184928601878,0.6186126642856971,0.9233833001142495,False,False
G0527,-1.6323400413420035,-0.08081004093800322,0.22424145483640096,0.6406898709611456,True,False
G0528,1.6311041700491202,0.04152648605816108,0.2800708005164746,0.7164997374952498,True,False
G0529,0.14898529827642204,0.02223072845219807,0.9717661365563547,0.9949199524773163,True,False
G0530,-1.45330579111492,-0.08311539216417875,0.2859508314375434,0.7230109518016268,True,False
G0531,1.080753602231607,0.1970129444486481,0.18516951743599078,0.5880616625028012,True,False
G0532,0.0724339931469409,0.3511972111095325,0.05636361148537898,0.2868377174828447,True,False
G0533,3.8516982750854725,0.6131512377661081,3.730679316094836e-09,9.32669829023709e-08,True,True
G0534,-0.18416214546802914,-0.25734930795651817,0.21721606278701625,0.6342074825898285,True,False
G0535,-0.7729653455824085,0.018285848621777834,0.7614788870761126,0.9583956368338392,False,False
G0536,-0.747350072910258,-0.03386095321981373,0.7370546579826749,0.9498127035859213,True,False
G0537,0.3560312907656562,0.13656325098007063,0.5844280429090858,0.9082020868828061,True,False
G0538,4.092593452393762,0.7457949239524836,3.183125392149564e-13,3.337928405032896e-11,True,True
G0539,0.5041234836023769,0.32148617589997364,0.06666604502451841,0.32141614615237923,True,False
G0540,0.6608067084168917,0.10397658395182612,0.5762719403362362,0.90560923830615,True,False
G0541,1.2199158582416836,0.08976164851627728,0.36850900843274403,0.7991618232383174,True,False
G0542,0.3056283488812294,-0.05145048495796088,0.8757820092644909,0.9805962052558767,False,False
G0543,1.0241134321550929,-0.13341271930800577,0.34326884974339644,0.7792709415287093,False,False
G0544,1.1294761188530207,-0.012728497328015573,0.58284439208191,0.9082020868828061,False,False
G0545,0.3166235362279082,0.030446880427087947,0.9182924818667302,0.9849481638513282,True,False
G0546,-0.0500045100944983,0.07188340802088727,0.9003170342966961,0.9813269197031894,False,False
G0547,-0.40689153074873347,0.03017843644273967,0.8898630728063155,0.9805962052558767,False,False
G0548,-1.1735324432936638,-0.041985989351459536,0.4966072590985775,0.8752084715500316,True,False
G0549,1.5401251579742046,0.6552806345512012,3.163510819229831e-07,5.1439200312680185e-06,True,False
G0550,1.345597940831942,-0.06939286078841701,0.35613173346102156,0.7922841678776897,False,False
G0551,0.020961430299332787,-0.1484413006809444,0.647370338277582,0.9278936574248217,False,False
G0552,-0.5131780312828351,-0.1301253212518993,0.5493324430185184,0.8971988790551045,True,False
G0553,1.614301236254977,0.0739377091474106,0.2402981224701001,0.6610677371942232,True,False
G0554,1.0093518717395726,0.10883923564288138,0.4121045405992996,0.8305438252367496,True,False
G0555,0.09905219066092955,-0.03249357346006017,0.9670391224302856,0.9933632485159585,False,False
G0556,1.046463848199626,-0.020490593574602197,0.6122382408280809,0.9206036412848718,False,False
G0557,-0.1478418185362738,0.08194089405032967,0.8447398488460487,0.9754501718776545,False,False
G0558,0.40362191665036745,-0.020456801294104366,0.9104879004078681,0.9832482725786913,False,False
G0559,5.052941044216696,0.9255718286687353,2.8194039792509366e-27,2.8194039792509364e-24,True,True
G0560,3.594333958046562,0.45190342650623216,4.061437940054663e-06,5.108726968622217e-05,True,True
G0561,2.6337133768918553,0.5254008441312753,8.280857090574234e-06,9.917194120448185e-05,True,True
G0562,4.443054842000456,0.1258748293309636,4.5155919214655494e-05,0.00046313763297082557,True,False
G0563,1.2342433678949096,0.03152430452792453,0.4869346072388908,0.8723411708369339,True,False
G0564,-0.06323723867731229,0.15375171683070535,0.6136510538227529,0.9213979787128421,False,False
G0565,2.5394170692788838,0.31091277815687124,0.0025389124077440997,0.0193073186900692,True,True
G0566,1.9344315901502698,0.18617635256090317,0.05553129192816706,0.28332291800085235,True,False
G0567,-0.23429639255075782,-0.08895560262531821,0.794836491681582,0.9622641288132145,True,False
G0568,-1.2547327457272854,-0.015166429729176426,0.5084621986762632,0.8775136268729397,True,False
G0569,0.21212633556628605,-0.02780578641502867,0.9507132151134369,0.9866285094048135,False,False
G0570,2.362674790329196,-0.11269913779557372,0.04534429156293751,0.24195181899199764,False,False
G0571,0.7100404600554152,-0.22239601256193645,0.21161180282742514,0.6260704225663466,False,False
G0572,1.0440173368785293,-0.14291874549227632,0.31279908213190527,0.7465371888589625,False,False
G0573,-2.0755177966703164,-0.2852696520396894,0.01145916404937756,0.07514205934018073,True,False
G0574,-0.4536764883947056,0.11386355629379943,0.6287683429199884,0.9266069353094634,False,False
G0575,1.311841611872533,-0.025715217587762258,0.45750431809613956,0.8589960493312621,False,False
G0576,-0.2927125801078284,-0.015557061435744408,0.9506117491035424,0.9866285094048135,True,False
G0577,1.4318147012790787,-0.08614603184073179,0.288953369304995,0.7270746146670022,False,False
G0578,0.5956263028240133,0.14276145375138144,0.47549782422230136,0.8682968214197113,True,False
G0579,0.5189163719505074,-0.12694120924442545,0.5581066177068303,0.9008984950877003,False,False
G0580,1.8056005941631366,0.25270770380121615,0.03158492412507426,0.17844589901171895,True,False
G0581,-0.3764414671824904,0.16275048579974213,0.48165395449046067,0.8694114701993875,False,False
G0582,-0.33923286174036543,-0.10486710605740492,0.7039633804935819,0.9367035533566056,True,False
G0583,0.23738564914552485,-0.03008335909428279,0.9407560141443956,0.9852851179192671,False,False
G0584,0.35122945098423114,0.09437010228516816,0.734763131573417,0.9480814600947316,True,False
G0585,-1.5643943534799674,0.18771270194681514,0.10407029029232782,0.4121595655141696,False,False
G0586,1.3632557878239946,-0.11883964347058068,0.25445341520265374,0.6817937481175116,False,False
G0587,0.3628305952942548,-0.07484959482982471,0.7916902070307088,0.9622641288132145,False,False
G0588,-0.031274745486646105,0.3757449617889112,0.03617962508993508,0.20044113623232732,False,False
G0589,0.7563479190767821,0.1379361678505289,0.43091548751493547,0.8441047747599127,True,False
G0590,-0.2605744003258669,0.13447478045877964,0.6256015258874216,0.9261310523870044,False,False
G0591,1.3435866594533918,0.29004374756866225,0.03986751659607967,0.2202625226302744,True,False
G0592,0.20141831256557013,0.06687872985334777,0.87014286639762,0.9805962052558767,True,False
G0593,0.8579524508862134,-0.06843716407263813,0.5912509412903496,0.9132727613835102,False,False
G0594,-0.7495509886127838,-0.25933632996072786,0.13076103848516524,0.48719295387721157,True,False
G0595,-0.141556416988213,0.12927073372005488,0.6850830858135144,0.9367035533566056,False,False
G0596,0.5075471682915916,-0.17000452997880214,0.41452497820010115,0.8305438252367496,False,False
G0597,-0.8107190024184114,0.10061407199163293,0.5211317528604633,0.8840233297039242,False,False
G0598,-0.5261436647916048,-0.29622458607372537,0.09725991069409308,0.40024654606622667,True,False
G0599,0.08020817989616481,-0.07115283384853027,0.8941900059601617,0.9805962052558767,False,False
G0600,1.2440830752253689,-0.0026947838497964126,0.5381102064038277,0.8931289732843612,False,False
G0601,4.548478732462058,0.21869820114694113,9.83510696302248e-06,0.00011436170887235441,True,False
G0602,1.0341750098082156,-0.08202020828587443,0.47045631216916284,0.8673207364275747,False,False
G0603,0.43285164586420394,-0.12476892338554152,0.5986753050172635,0.9154056651640116,False,False
G0604,1.0305871063739778,0.019469457127174666,0.6231881461469827,0.9239260876901152,True,False
G0605,1.6687016889260426,-0.1888583040637239,0.08678874452986593,0.3773423675211562,False,False
G0606,0.2956408939017518,-0.039308496715425724,0.9066035231179459,0.9819860474080795,False,False
G0607,3.7001089449304416,0.5759074691920005,3.6204438471767783e-08,6.896083518431959e-07,True,True
G0608,0.710076038816121,0.21012446518756597,0.24109446296950793,0.6614388558834237,True,False
G0609,-1.8760239629142539,0.2835601136602009,0.01763174703958864,0.1098551217419853,False,False
G0610,0.025167145051443213,0.06227992758390809,0.9290007027790325,0.9849481638513282,True,False
G0611,0.5416650371418806,-0.0610659056976913,0.7594074542417755,0.9583956368338392,False,False
G0612,0.8767859300100186,0.04929782594630997,0.6329630020097797,0.9266069353094634,True,False
G0613,-0.1990332029363526,0.10655384798962013,0.7484713483457269,0.9522536238495254,False,False
G0614,1.0962602292585673,0.041986607880660574,0.5369907096963134,0.892752634574087,True,False
G0615,-0.519899111456324,0.21753814334382635,0.264544417263348,0.6980063780035568,False,False
G0616,-0.057244922531303054,-0.0986350187639554,0.820611951688832,0.9677201599165242,True,False
G0617,5.881253718714197,0.322328448350796,1.952817894582313e-09,5.500895477696657e-08,True,True
G0618,0.8815525041460386,0.2489529940724738,0.12953310338906404,0.48719295387721157,True,False
G0619,0.03555955675896325,-0.06314372960109843,0.9246853250977595,0.9849481638513282,False,False
G0620,-0.035322687149201726,0.1859979932070212,0.49123908946452055,0.8728019750064461,False,False
G0621,0.01981001654947119,0.007869252377510162,0.9982082893422559,0.9987076431638379,True,False
G0622,2.926378165107053,0.5328083247952216,2.723936140441003e-06,3.65629012139732e-05,True,True
G0623,0.7554419984434033,0.06414444531792328,0.6528460138348428,0.9278936574248217,True,False
G0624,-0.9658053541477637,0.14464628873505223,0.3356079312377688,0.7732901641423243,False,False
G0625,-1.2187337789210417,-0.12530386545822347,0.29168909071183297,0.7278344939851488,True,False
G0626,0.5796923724646718,0.0802341681909076,0.6862256586064011,0.9367035533566056,True,False
G0627,-1.0941705962812904,0.10195557018855926,0.39374420781176567,0.8185950266356874,False,False
G0628,0.4697948563001728,0.17362950947334574,0.41407409122574856,0.8305438252367496,True,False
G0629,0.1147539151776048,0.20916779432090724,0.3832931290921245,0.8103507563014292,True,False
G0630,-0.5939253449000026,-0.07454853534350296,0.6972027428109411,0.9367035533566056,True,False
G0631,-0.25514277550367714,-0.21471743437499424,0.3323621590660561,0.7697878012988087,True,False
G0632,-0.011385617050222866,-0.09629576501986725,0.8413605403411092,0.9732337077398603,True,False
G0633,0.5340321754932549,0.19853704799466854,0.31601533641404983,0.7513662739229752,True,False
G0634,-0.5485732974280395,-0.14898066105171384,0.47163870258400953,0.8677805015345161,True,False
G0635,-0.1290196766781971,-0.20645679768699984,0.38990462321497665,0.8160242611054784,True,False
G0636,-1.3528430059839949,-0.19665025042191087,0.13020873920967227,0.48719295387721157,True,False
G0637,-0.1981047790980114,-0.19505144363065702,0.41485664070575645,0.8305438252367496,True,False
G0638,2.065789484790578,0.5739467650714831,5.346232399323863e-06,6.574815483639933e-05,True,True
G0639,0.025136308607764467,-0.11511996734702122,0.7738185544612056,0.9595191556223086,False,False
G0640,-0.3866994330993251,-0.0936809110814237,0.7233748511145585,0.941048516416604,True,False
G0641,2.157192322954056,0.1714527222865238,0.041481338133383554,0.2254420550727367,True,False
G0642,1.3472278078928825,0.14038631534649826,0.22053487680966702,0.6373047980796932,True,False
G0643,-0.08893460376841374,0.1322143850922426,0.6906296348592076,0.9367035533566056,False,False
G0644,1.0062610283189735,-0.11480271361985223,0.39783307449031646,0.8214552214361057,False,False
G0645,0.3399701138556178,-0.25552351704629733,0.198408038892844,0.6068350641274322,False,False
G0646,1.226292658951793,0.5883747067530001,1.4657699430768659e-05,0.00016572404002628403,True,False
G0647,-2.370676497286687,0.2633116666651221,0.008270512746614693,0.05723538232951344,False,False
G0648,1.1574799770837125,-0.053415292037479155,0.4794025763917912,0.8684829282459985,False,False
G0649,0.4367339276615804,-0.04077513789852289,0.8552134109931739,0.9785022197076156,False,False
G0650,-1.9083480102759462,-0.4872297982666991,0.00017087629848331126,0.0015821879489195487,True,False
G0651,0.6802401837140623,0.2598601112545003,0.1393232001286155,0.5032595639503232,True,False
G0652,0.9549724152768955,-0.029881895742829276,0.6402707262144469,0.9269542568075914,False,False
G0653,2.582349099034386,0.1854265132064427,0.01346809525680605,0.08745516400523409,True,False
G0654,0.8287113246123228,-0.00887353780023987,0.7543842464080674,0.9569306061130485,False,False
G0655,-1.6810209609047655,-0.0893306989225283,0.19694598093438648,0.6050567770641674,True,False
G0656,-0.18198912364983838,0.09419173899732255,0.795774553865491,0.9622641288132145,False,False
G0657,0.07097716726731478,0.3229871005496279,0.09197651787277394,0.3900382474614613,True,False
G0658,0.8165648029194601,-0.1207767812707034,0.45880951199182674,0.8591938426813235,False,False
G0659,0.4321668174237172,0.023337716251519834,0.8952837208906875,0.9805962052558767,True,False
G0660,0.25540725457915964,-0.0577131522899683,0.876689287553717,0.9805962052558767,False,False
G0661,0.5878191435383235,-0.09965698332157769,0.6213753238893305,0.9233833001142495,False,False
G0662,-0.621997502931686,0.0690288456265511,0.7010018621944485,0.9367035533566056,False,False
G0663,1.5088297680052927,0.23211927504014146,0.06875644061240012,0.32710124965764314,True,False
G0664,-0.30993828521080297,0.06599777293241917,0.8365049120307972,0.9698607675719387,False,False
G0665,0.8233683710402663,-0.06399771018310324,0.6203508194178933,0.9233833001142495,False,False
G0666,0.025350030621998167,0.07776464032629023,0.8914775159171127,0.9805962052558767,True,False
G0667,-0.21744073311543236,0.03549912466945115,0.936108577389807,0.9852851179192671,False,False
G0668,0.6135103204293195,0.12227183067479337,0.5365779445975318,0.892752634574087,True,False
G0669,0.4738649224971407,-0.08273949714422014,0.7234850724764657,0.941048516416604,False,False
G0670,1.3701431895456064,0.02067290655941601,0.43628448474455217,0.849628986844308,True,False
G0671,1.1009143487642785,0.24711056754661065,0.10198669826435335,0.40944396629728347,True,False
G0672,2.8755324680903303,0.35680813635284425,0.0004246096267608675,0.0036922576240075436,True,True
G0673,0.5280085718917732,0.14656127013896159,0.48720254391242757,0.8723411708369339,True,False
G0674,0.12923451908473832,-0.001562170714978084,0.9936337580104636,0.9974002660959864,False,False
G0675,-0.7683157032924454,0.010602740595109437,0.7808585737311694,0.9622641288132145,False,False
G0676,-1.0731522706870975,-0.11138185457448635,0.37926009778801634,0.8077957354377344,True,False
G0677,0.28125757241765154,0.42746333473029796,0.009439255856005104,0.06420812372115867,True,False
G0678,-0.5083956312259841,0.17970404192980136,0.3822123663319988,0.8103507563014292,False,False
G0679,-1.3602050463618391,0.17709940151060713,0.15679278522987866,0.538806822095803,False,False
G0680,-0.06889563922972447,0.17365651108381264,0.5318695692251539,0.8905565357033843,False,False
G0681,0.24640662812669964,-0.15298581797765554,0.5600643916333206,0.9011494636095263,False,False
G0682,0.12446283584579172,-0.11375807951075004,0.7478580201034031,0.9522536238495254,False,False
G0683,-1.1797309992708171,-0.027198249262311732,0.5250421313774769,0.886008019421919,True,False
G0684,-0.5554064940085486,-0.25218934702195844,0.17275613954680566,0.5681775189366157,True,False
G0685,1.3919882142079492,-0.13553838758008785,0.2157192861293565,0.6316816577726398,False,False
G0686,-0.7464037575468032,0.1244845952263013,0.47603062971570975,0.8682968214197113,False,False
G0687,-0.3040710020633902,-0.3202627676778398,0.08093146921188032,0.35885239266728824,True,False
G0688,2.3262774681237124,-0.13505921432752757,0.04072034310345618,0.2237381489200889,False,False
G0689,0.3696344045319828,-0.015618116881642925,0.9297420192088609,0.9849481638513282,False,False
G0690,-0.48128176349228036,-0.014607481876039715,0.8952412446503905,0.9805962052558767,True,False
G0691,-1.9240677395648393,-0.005454350566484081,0.2077517958273348,0.6186686210734982,True,False
G0692,0.3274093788166127,-0.11509052555354737,0.6726325306102687,0.9367035533566056,False,False
G0693,-1.3709257436202442,0.13595073369732938,0.22128486116028134,0.6373047980796932,False,False
G0694,2.9465503990442325,0.051158163871910856,0.01632997846452449,0.10368240294936185,True,False
G0695,-0.8505656632717548,0.061921358240319024,0.6126617232750822,0.9206036412848718,False,False
G0696,-1.6582408235540547,-0.22763300810188228,0.0568513064395421,0.28858531187584824,True,False
G0697,1.6662879258088865,-0.10952665214701583,0.1752909592747993,0.5709803233706817,False,False
G0698,-0.09336596581376172,-0.011608752690407571,0.990498961842297,0.9974002660959864,True,False
G0699,0.9308778814488049,0.24092384990605348,0.13530425744609464,0.49835822263754936,True,False
G0700,0.7498761496369628,-0.13735548980309353,0.4351296084272045,0.8491582229111572,False,False
G0701,3.268934066359856,0.36653700424927493,0.00010335726237508884,0.00101330649387342,True,True
G0702,0.09833443142210112,0.14585718294594405,0.6345376510826558,0.9266069353094634,True,False
G0703,-0.34816335681391297,-0.013048600486189044,0.9401005391135112,0.9852851179192671,True,False
G0704,4.388339315778435,0.3925123694086547,8.179575277353692e-07,1.2583961965159527e-05,True,True
G0705,3.2773976659572415,0.4696405189900129,7.246134709753066e-06,8.730282782835019e-05,True,True
G0706,3.5520869141088314,0.6915583191104486,1.417268391521876e-10,5.905284964674484e-09,True,True
G0707,1.664859168662886,0.02353407457512558,0.29037976600178345,0.7270746146670022,True,False
G0708,0.5246642154935934,-0.3174037591281223,0.06993616622112352,0.32931308849053803,False,False
G0709,0.4673726163328802,-0.031331831649541945,0.8655320098730461,0.9805962052558767,False,False
G0710,-0.7775465122994599,0.0027822839609309047,0.7929188171923929,0.9622641288132145,False,False
G0711,0.41225176908421896,-0.17435730125133597,0.4291621784627411,0.8431240387079072,False,False
G0712,-1.4599486353188647,-0.1542028654570243,0.1677630003113662,0.5620201015456154,True,False
G0713,0.4664293236558085,0.09543876758323631,0.6858136271791018,0.9367035533566056,True,False
G0714,-0.9310777506507752,0.036448324112157454,0.6371759439703643,0.9266069353094634,False,False
G0715,0.18727186130468504,-0.13638965547239632,0.6430268685176252,0.9269542568075914,False,False
G0716,-0.27374465076469623,0.08424514859677992,0.7957924345285284,0.9622641288132145,False,False
G0717,3.673327311439625,0.42553095503367055,6.259447765870589e-06,7.587209413176471e-05,True,True
G0718,0.36050161962623284,-0.1945032893739217,0.37448527371497103,0.8027551419399165,False,False
G0719,-0.05524509080174243,-0.041550726441015595,0.9616047625085984,0.9903285742660182,True,False
G0720,-0.05426218676437943,-0.19776846655920302,0.4402050161205997,0.8514603793435197,True,False
G0721,-1.48680188297737,-0.1301717932364834,0.1968617638409403,0.6050567770641674,True,False
G0722,-1.8979169157429885,0.0449280066430803,0.17950919810627067,0.5771999939108382,False,False
G0723,1.2615890637044733,-0.1843761803497047,0.16712662582261562,0.5617701708323214,False,False
G0724,0.5739836936138984,-0.18768246802787839,0.3380884142215959,0.776034220774707,False,False
G0725,-1.4791494100778657,0.05632938206290484,0.32145107016796454,0.7579808349352773,False,False
G0726,7.763464306855319,0.253451563976808,2.0827981000273784e-14,4.628440222283064e-12,True,False
G0727,0.8074550561276908,0.48301253790120835,0.0012064339996500422,0.009848440813469733,True,False
G0728,0.5109625645468612,-0.03819604497468956,0.8324683551478869,0.9677201599165242,False,False
G0729,0.4252309099879812,-0.024613923469261573,0.8950925943367308,0.9805962052558767,False,False
G0730,0.10855601724430916,0.05693493396673141,0.9206059675035239,0.9849481638513282,True,False
G0731,0.6084699106090312,-0.06536908893496422,0.7177237834610755,0.9388146284644544,False,False
G0732,-1.37392060348667,-0.11680367332478755,0.2545759401803773,0.6817937481175116,True,False
G0733,-0.036140623509993655,-0.06973404988922866,0.9091756045302046,0.9831884107050133,True,False
G0734,-0.25405470231674987,0.17473766413900657,0.4750550335755568,0.8682968214197113,False,False
G0735,3.314403858799699,0.6256915280886132,1.4354928411966905e-08,3.154929321311408e-07,True,True
G0736,-0.27417703204168686,-0.00823759252941152,0.9651008454310247,0.9926805348032179,True,False
G0737,2.3772083442795564,0.6283671814210462,2.0662431332143194e-07,3.502107005447999e-06,True,True
G0738,-0.7311651633663745,0.10661020816695475,0.5377238493881404,0.8931289732843612,False,False
G0739,0.8846755938695922,-0.16134272885484313,0.3192680170596185,0.7547707259092636,False,False
G0740,-0.8480016023498815,0.2272995802287582,0.17410623916111254,0.5681775189366157,False,False
G0741,3.419132380712928,0.879074558604277,3.090325960258379e-19,2.0602173068389192e-16,True,True
G0742,0.34988157214323673,0.05459785745062011,0.852718023692269,0.9785022197076156,True,False
G0743,-0.09789948935607062,-0.24355860769441356,0.27052430031935115,0.7059898037512672,True,False
G0744,1.502549603412343,0.8327356474860004,8.940912357659002e-14,1.1921216476878669e-11,True,False
G0745,0.5420875701916709,0.09166618050783883,0.666582689498914,0.934899714366307,True,False
G0746,-0.5321553529863492,-0.016094672758827696,0.8733587304566848,0.9805962052558767,True,False
G0747,0.33616536546377945,-0.3057247823846042,0.09930969800025749,0.40534570612349996,False,False
G0748,1.9055531923890876,-0.015597547732381083,0.20500606302215907,0.6153656593295883,False,False
G0749,-1.0709092566425693,-0.04515444347956197,0.5428999944727537,0.8948804715434024,True,False
G0750,-0.30240893560462623,-0.047513123997624314,0.8862108786708802,0.9805962052558767,True,False
G0751,-0.7669296287365939,-0.06336980023307176,0.6494935999904061,0.9278936574248217,True,False
G0752,1.98501132058481,0.14459566545723576,0.07565966389003513,0.3454779173060965,True,False
G0753,-1.402787477766525,-0.06330693646027735,0.34245335795194737,0.7792709415287093,True,False
G0754,0.00708364187836111,0.0649041854405516,0.9273582884937351,0.9849481638513282,True,False
G0755,4.0728167637824075,0.2463678168393847,4.918548021420835e-05,0.0005018926552470239,True,False
G0756,-0.8681995200184329,-0.14858918874827035,0.35924201706451864,0.7933522980838277,True,False
G0757,-0.1360122765841382,-0.0010331406308749069,0.9933171068711262,0.9974002660959864,True,False
G0758,-0.711968859798979,-0.13398383362573546,0.46003669395633173,0.859543715296285,True,False
G0759,-1.340429464863339,0.005862196769928349,0.4785889901031499,0.8684829282459985,False,False
G0760,-0.0710414743009892,-0.007298530929654988,0.9953103607832298,0.9974002660959864,True,False
G0761,0.49319507019010866,0.028661252799183197,0.8616514942717645,0.9797060764886464,True,False
G0762,-0.3984163338757745,-0.04936485134739176,0.8484287785878798,0.9763277083865131,True,False
G0763,0.16311853763931575,0.09627516028791983,0.7952167937977874,0.9622641288132145,True,False
G0764,3.1722083873590536,0.22559893912725323,0.001585624592752352,0.012534581760888158,True,False
G0765,1.1923875432940525,-0.0597158108148798,0.4479452502862299,0.8558326903137617,False,False
G0766,-1.2345608662176373,0.22981596990870756,0.105831976149788,0.4170836656971292,False,False
G0767,0.6112541790379196,-0.062262330325200385,0.7253734293820375,0.941443594830431,False,False
G0768,3.12568082440366,0.6885945175086358,7.512219169163071e-10,2.5040730563876903e-08,True,True
G0769,-1.8840895217565699,0.053019243249948035,0.1758363477433553,0.5718255211166026,False,False
G0770,-0.7779816300885876,-0.03532880559985986,0.7183303852907402,0.9388997945794803,True,False
G0771,0.6399206350789274,0.014072761164354911,0.8330624258491918,0.9677201599165242,True,False
G0772,0.306259277961938,0.24091329937131944,0.242161363637204,0.6634557907868602,True,False
G0773,0.8645684229630295,0.6123819246779219,8.381765925093202e-06,9.919249615494915e-05,True,False
G0774,6.320965506962851,0.3109274816651566,1.7296147709459594e-10,6.918459083783837e-09,True,True
G0775,0.4019527360403122,0.07594147748949721,0.773351645919887,0.9595191556223086,True,False
G0776,-0.06914451070644362,0.10874065426165097,0.7830074599703243,0.9622641288132145,False,False
G0777,-0.5419592730291821,0.12935936932658987,0.5409213351512185,0.8948804715434024,False,False
G0778,0.41648827550106365,-0.2284529771823019,0.256020910788658,0.6818133443106738,False,False
G0779,-0.3877573858669931,0.06060501723831389,0.8229363201021753,0.9677201599165242,False,False
G0780,1.1323708379991686,0.010883796007665524,0.5850157288883325,0.9084060230864482,True,False
G0781,0.31260774825572846,-0.0366131466501425,0.9070728430391276,0.9819860474080795,False,False
G0782,0.6136364454251854,-0.07050803576835897,0.7004217518792726,0.9367035533566056,False,False
G0783,-0.30579156311379946,0.0708346009050901,0.8243790868256522,0.9677201599165242,False,False
G0784,-1.474984270697301,-0.009769770712447072,0.40037092227514187,0.823808482047617,True,False
G0785,0.5259886619914896,-0.006611928717093025,0.8941205372954301,0.9805962052558767,False,False
G0786,-1.0071829747918426,0.30078100663259266,0.053720864924924214,0.2761998196654201,False,False
G0787,-0.10619610052483157,0.00886532340104741,0.9911435970974017,0.9974002660959864,False,False
G0788,-0.014169007729743936,-0.1738734827010173,0.5457969056885053,0.8969546519120876,True,False
G0789,-0.7790749472059668,-0.13832065893631545,0.42119798316220214,0.8357102840519884,True,False
G0790,0.8866282059146613,-0.11444209505073641,0.44825687260371516,0.8558326903137617,False,False
G0791,-1.4244853959288086,-0.2424213417156305,0.06885481305293388,0.32710124965764314,True,False
G0792,1.4865594928354329,0.16300287688854245,0.14911438045483882,0.5232083524731187,True,False
G0793,2.3976411394997506,0.8146037789799099,1.1493571512627867e-13,1.4366964390784833e-11,True,True
G0794,0.9603053123736943,-0.09502987872870687,0.47014259316113993,0.8673207364275747,False,False
G0795,1.2884215877314045,0.13602429397703428,0.24661854814198683,0.667781497039086,True,False
G0796,1.6854224983309143,0.4180520100434397,0.0017988714500720426,0.014053683203687833,True,False
G0797,-0.7332075797852455,-0.10348664818787452,0.5464862614327815,0.8971988790551045,True,False
G0798,0.9362873372655364,-0.2636087422640231,0.10056228059896744,0.4087897585323879,False,False
G0799,0.18586216546010495,-0.009493214698170339,0.9800786358323538,0.9974002660959864,False,False
G0800,3.414302075405573,0.6346393515788565,6.415854749988394e-09,1.4920592441833476e-07,True,True
G0801,-1.8219311315799147,0.18912159654770422,0.06630438677768434,0.32141614615237923,False,False
G0802,-1.6355411583197903,0.07873397721063136,0.22604676630885456,0.6416939864303751,False,False
G0803,0.5347764739650103,-0.040841654486318664,0.8161779574804044,0.9659481971388197,False,False
G0804,1.428234592303951,0.18042973491679562,0.13774137547237028,0.5010024661689265,True,False
G0805,0.8828555658333719,0.7787736010282142,1.0950968904403981e-10,4.977713138365445e-09,True,False
G0806,-0.8609789284822372,-0.11553430229518703,0.455827378465148,0.8586965907075501,True,False
G0807,0.208204404510693,0.03973927005227771,0.9304838230251025,0.9849481638513282,True,False
G0808,0.46188241720949474,-0.00803965987302719,0.9140241630629957,0.9849481638513282,False,False
G0809,2.548286258502822,0.3093709866221085,0.002549965204200683,0.01931791821364154,True,True
G0810,-0.43798019777274416,-0.1768470297483292,0.41278798975568876,0.8305438252367496,True,False
G0811,-1.9349254972881331,-0.12522294322258928,0.09804257235417871,0.4026389008385162,True,False
G0812,1.45028044898942,0.01648289615104275,0.402140710507772,0.8239776561273348,True,False
G0813,3.0933544258205634,0.5129853283425955,3.2785771069489297e-06,4.2857217084299734e-05,True,True
G0814,1.249466378436714,0.020935378821599477,0.5000721351424213,0.8753926278132457,True,False
G0815,-1.9788359326177696,0.19220943284276584,0.047771613145073825,0.2507696228087865,False,False
G0816,3.0695398887563656,0.513894162305562,3.4256977546111315e-06,4.4489581228715995e-05,True,True
G0817,-0.49690357719209716,-0.18911262613559313,0.35516371686820514,0.7918923453025756,True,False
G0818,-1.078648257190441,-0.17716674108711114,0.22501814008430226,0.6414029694702934,True,False
G0819,4.048375621042252,0.5445828203767007,3.290753676507309e-08,6.463202328541952e-07,True,True
G0820,2.05829852279832,0.5743498964734228,5.347705201010607e-06,6.574815483639933e-05,True,True
G0821,-0.5823800117240262,-0.2474719683374993,0.17862876890242615,0.5765464739637602,True,False
G0822,0.6427867419247612,0.13877119237027716,0.471081174906647,0.8675528082995342,True,False
G0823,-1.0675255886225632,0.21005058424028714,0.16415584853684814,0.5568155996065937,False,False
G0824,-0.6142028793366923,0.02713161600400907,0.8152196914625566,0.9659481971388197,False,False
G0825,1.3974176852458393,0.6189406281674498,2.709148191122398e-06,3.65629012139732e-05,True,False
G0826,-0.34500935795527016,-0.20950560655743952,0.3287201866483573,0.764465550345017,True,False
G0827,0.6342753357070584,-0.21210027426791125,0.2534255342796781,0.6812514362356938,False,False
G0828,0.10309473375252565,0.5781345026243889,8.516881670171768e-05,0.0008516881670171767,True,False
G0829,0.9615781348547943,0.031451320311997696,0.6330544714595687,0.9266069353094634,True,False
G0830,0.959838556264909,-0.028911134417531213,0.6399592230053535,0.9269542568075914,False,False
G0831,-0.21612678115268646,-0.043353854998790464,0.9211515952938991,0.9849481638513282,True,False
G0832,-1.1756115102897569,-0.0942823311612446,0.37728826581588354,0.8062489685729683,True,False
G0833,-2.360449054921319,0.21640931173822422,0.015974884460037475,0.10175085643335972,False,False
G0834,-0.06256481205227905,-0.1284924332947944,0.7130204654101079,0.9368069099118345,True,False
G0835,-0.7108115201426871,-0.01998657657223608,0.7876551880360165,0.9622641288132145,True,False
G0836,0.10166366102433746,0.15587031480527969,0.5937762529379795,0.9132727613835102,True,False
G0837,3.5574543776317373,0.36163106421520763,4.316004165085168e-05,0.0004495837671963717,True,True
G0838,0.0026454311854760054,0.021634399557348458,0.9921241125870126,0.9974002660959864,True,False
G0839,-0.06105891196565389,-0.017168695842432892,0.9896834956383959,0.9974002660959864,True,False
G0840,2.8186837901631767,0.5066838410989182,9.350355200085392e-06,0.00010936087953316248,True,True
G0841,4.508661752998322,0.24262916510521726,8.361830624721433e-06,9.919249615494915e-05,True,False
G0842,0.28944411642351886,-0.044485103553865354,0.8972455278091271,0.9805962052558767,False,False
G0843,0.9619127617450929,-0.11782193494739109,0.4078897629482148,0.8305438252367496,False,False
G0844,-0.7762460378788001,0.16370425646519166,0.3477815679806119,0.7843186959918723,False,False
G0845,0.7140303276068805,-0.008357925659134225,0.8116541350400481,0.9659481971388197,False,False
G0846,0.15949428980050726,-0.08442969237355434,0.8336653228097548,0.9677201599165242,False,False
G0847,-0.413343900411299,0.1329235306839973,0.5768992771909499,0.90560923830615,False,False
G0848,-0.9858373900314374,0.0959857164536534,0.45615485613296014,0.8586965907075501,False,False
G0849,1.4455571910454263,0.15251987952726956,0.17381981733715351,0.5681775189366157,True,False
G0850,0.2382880655832004,0.16253800728714402,0.5260709591181943,0.886008019421919,True,False
G0851,-0.5098780407222498,0.11545318680519019,0.6010415011915631,0.9169206730611182,False,False
G0852,0.07379489587219541,-0.0858341179547119,0.8554762957979769,0.9785022197076156,False,False
G0853,0.006755783106504292,0.044752305646218224,0.9653818200961295,0.9926805348032179,True,False
G0854,-0.5154523045341743,0.04450092621143077,0.8149854426437827,0.9659481971388197,False,False
G0855,-1.3626960387643154,0.05419812390026327,0.3777309420329111,0.8062489685729683,False,False
G0856,0.15392705319596306,0.05075263785964324,0.9223107382985379,0.9849481638513282,True,False
G0857,2.5271934422687026,0.6578345788372354,2.8701653727006482e-08,5.740330745401297e-07,True,True
G0858,-0.27633217528496185,-0.0627750744256986,0.856793980351714,0.9785022197076156,True,False
G0859,4.957311136903369,0.5223761374422635,1.257076823613862e-09,3.8679286880426523e-08,True,True
G0860,-1.2954028336641117,-0.1472060079116749,0.22343880041285594,0.6393098724259111,True,False
G0861,-0.9407858805210577,-0.13466210993284786,0.3708841227132659,0.8010178204342533,True,False
G0862,0.1621349681973485,0.10856474402032545,0.7538912418705164,0.9569306061130485,True,False
G0863,3.2374093976948943,0.45554607083622545,1.2482862429616591e-05,0.00014348117735191486,True,True
G0864,0.6081390015761725,0.013846500416283743,0.8472274866950017,0.9763277083865131,True,False
G0865,0.7228606928136514,-0.08076054805471293,0.6201257231966635,0.9233833001142495,False,False
G0866,-2.171274302297905,-0.2448593492225013,0.01687042477046189,0.10584224652015918,True,False
G0867,0.4945484049189525,-0.060137906349517926,0.7819234825331707,0.9622641288132145,False,False
G0868,0.41625451949316145,0.24226818128194386,0.21909431741630883,0.6369020855125257,True,False
G0869,0.6795238851549538,-0.015579210789501263,0.8120626746816393,0.9659481971388197,False,False
G0870,1.8074056579871387,0.3760147332947325,0.0037242628209306857,0.02768968640097164,True,False
G0871,0.5085235269170955,0.10392596746495956,0.6404889813979426,0.9269542568075914,True,False
G0872,0.9958413398478662,-0.07266947575176681,0.5127405532236484,0.8802285723396205,False,False
G0873,1.5921654802002136,-0.09201835142668209,0.22173897910634321,0.6373047980796932,False,False
G0874,0.25613703676675353,-0.2346104778991042,0.2694802494300361,0.7054456791362201,False,False
G0875,-1.3081039011171838,-0.2575419561652678,0.06710194425400912,0.32260550122119763,True,False
G0876,0.060688568590108044,0.06228010346070059,0.9205983486588278,0.9849481638513282,True,False
G0877,0.6437862549206075,0.020541216233626442,0.8171921747794415,0.9659481971388197,True,False
G0878,0.5143359730629916,0.005559936774116989,0.9002847436444652,0.9813269197031894,True,False
G0879,1.8992144791269563,0.10367889110811032,0.12353155121712801,0.47149447029438174,True,False
G0880,-0.19071844973346722,-0.06903175701139466,0.86773288054108,0.9805962052558767,True,False
G0881,-0.9981730879473412,0.002683966306016582,0.6770318112524303,0.9367035533566056,False,False
G0882,-0.6206097120284636,-0.13036791706390338,0.5070638445315806,0.8775136268729397,True,False
G0883,0.6572608143901987,-0.12941524449988878,0.4958599828119912,0.8752084715500316,False,False
G0884,2.012683052119284,0.439986280404213,0.0005304719078376908,0.004553406934229106,True,True
G0885,1.9975729719614708,0.7546680472712044,1.2830240205788335e-10,5.4596766833141856e-09,True,False
G0886,-0.8176340008006802,0.10576692680636468,0.5028508500981146,0.8753926278132457,False,False
G0887,1.2033354957262536,-0.1513389824555282,0.24276107012524872,0.6639962914338411,False,False
G0888,0.24408605400520558,-0.04811073681832883,0.9029499984068889,0.9814673895727054,False,False
G0889,-0.32309881456422834,0.017726617262935517,0.9393198298462326,0.9852851179192671,False,False
G0890,0.8487117418244562,-0.12117844617756847,0.444535157771518,0.8548753034067653,False,False
G0891,0.6886563427995472,0.10098747580977073,0.5736601305542488,0.90560923830615,True,False
G0892,-0.9531522310620327,-0.11824890710281723,0.4102943816973358,0.8305438252367496,True,False
G0893,0.8312250232950014,-0.0507240125668488,0.6522123335050692,0.9278936574248217,False,False
G0894,0.2510139739578011,-0.05069610658793608,0.8949711605145965,0.9805962052558767,False,False
G0895,-2.0266939457702686,-0.2774474122696106,0.014322220780876915,0.09210431370338852,True,False
G0896,-1.1612762106839263,-0.26324332938827744,0.07620055521288191,0.34636616005855414,True,False
G0897,0.2689298171254577,-0.12999840840394683,0.6394234636189372,0.9269542568075914,False,False
G0898,0.491765566470709,0.1771852592438131,0.3954675329226563,0.8196218298915157,True,False
G0899,0.6738711895205877,0.6797977401089415,2.84551626226912e-07,4.742527103781866e-06,True,False
G0900,1.9377786906542886,0.5963103825913247,2.705376725730725e-06,3.65629012139732e-05,True,False
G0901,0.25769176948072464,-0.09449558842885779,0.7687599270786916,0.9588610916204697,False,False
G0902,-1.7951876638730218,-0.07085997968402394,0.1841023928163014,0.5872484619339757,True,False
G0903,0.5631966483752406,0.00596911208341533,0.8812436569556074,0.9805962052558767,True,False
G0904,-0.13542960592907724,0.03962822282856612,0.9483217446166693,0.9862780583540869,False,False
G0905,-0.012794793435748509,-0.22895190117275932,0.33370174918470996,0.7706737856459814,True,False
G0906,-0.629102314633388,-0.10748775775641115,0.57850983187318,0.90560923830615,True,False
G0907,0.83467489325496,-0.11609095300834014,0.4651619978325049,0.8614111070972312,False,False
G0908,-2.28681315522702,0.19580028115923614,0.0241156625209675,0.1450238020752627,False,False
G0909,-0.8412154288046247,-0.08270012733270955,0.559310543185842,0.9011494636095263,True,False
G0910,2.5719699805353433,0.38165328414280664,0.0005748828375839438,0.004913528526358494,True,True
G0911,-0.6778728942083767,0.12120775565704807,0.5140534862463384,0.8802285723396205,False,False
G0912,1.462584221382182,-0.06726777630618243,0.30975042564711364,0.742806776132167,False,False
G0913,0.4387690301345996,0.13849251008310826,0.5476736603411463,0.8971988790551045,True,False
G0914,-0.7348209160399445,-0.14610845326923946,0.41399054281097425,0.8305438252367496,True,False
G0915,1.11693354898365,0.28131285736988537,0.06261532079598393,0.30844985613785186,True,False
G0916,-0.06706612113710089,-0.013592243742983016,0.9917612709042097,0.9974002660959864,True,False
G0917,0.6008870060437111,0.019542780732278903,0.8381016836052257,0.9711491119411654,True,False
G0918,-0.5814476317037154,-0.037105487413256304,0.8056069830447974,0.9659481971388197,True,False
G0919,1.6779770065365827,0.5085058568739347,0.00013745341917578054,0.0013153437241701488,True,False
G0920,0.7322068157685822,0.0016718000091048043,0.816960368320275,0.9659481971388197,True,False
G0921,0.13163548700897887,-0.05082024765216332,0.9278543114569979,0.9849481638513282,False,False
G0922,-0.7136423573922922,0.18480378793147076,0.3071372494788754,0.742806776132167,False,False
G0923,-0.8338586222830842,-0.3394541972875965,0.03457413231039178,0.19315157715302672,True,False
G0924,0.677853151397104,-0.18326555885776827,0.3216869361839428,0.7579808349352773,False,False
G0925,4.409226468251287,0.4298990318372877,2.895578698400305e-07,4.746850325246401e-06,True,True
G0926,-0.7893418236439644,-0.021209122987548606,0.7466250007098678,0.9517208422050577,True,False
G0927,0.7115945758698917,0.21476013262081411,0.22937437906819444,0.6443100535623439,True,False
G0928,-2.8307674867642816,0.08153497866680616,0.018231642273795003,0.11324001412295033,False,False
G0929,-1.32752803923409,-0.0013801576875761923,0.4936234119128444,0.8744435994913098,True,False
G0930,0.7110564170361469,-0.12173292192383592,0.4989028968326058,0.8753926278132457,False,False
G0931,1.6133780017399106,0.293347526554736,0.024487443425941016,0.14647709350110755,True,False
G0932,0.1067520322813496,0.12936471700361188,0.6958967532622459,0.9367035533566056,True,False
G0933,0.5845091990163505,0.38154234933581704,0.02006456435243041,0.12385533550882971,True,False
G0934,0.30251604320962,-0.22467793595501984,0.29036653842182175,0.7270746146670022,False,False
G0935,1.0431089747874547,0.25751771825606196,0.09585741898472801,0.3985615552534715,True,False
G0936,-1.0229506673991204,-0.0157878936366004,0.6354558584811713,0.9266069353094634,True,False
G0937,0.6760780512437938,-0.12880428476992725,0.49043459844172765,0.8728019750064461,False,False
G0938,-0.38042509702898153,0.018529468655791147,0.9213772072820935,0.9849481638513282,False,False
G0939,2.229039831628377,0.4127722280479058,0.0006515468618376178,0.005521583574895066,True,True
G0940,0.04419022528619394,-0.047634697282771504,0.9536391215440595,0.9877152993724077,False,False
G0941,-0.1537862154851368,-0.2181165396735408,0.34304839705740275,0.7792709415287093,True,False
G0942,-0.7092869058242055,-0.05294637469441741,0.7058819182267249,0.9367035533566056,True,False
G0943,-0.20284371927907446,-0.19307834713211808,0.42089309409343767,0.8357102840519884,True,False
G0944,1.9601449612927373,0.7177345516472083,2.5439210411657453e-09,6.875462273420932e-08,True,False
G0945,1.5127818654023617,-0.20481130192061117,0.09403190554458302,0.3953684246252704,False,False
G0946,0.7412984564535546,0.03225915042178404,0.7439513205569335,0.9513443996891733,True,False
G0947,-0.357977331371404,-0.06244608885882649,0.8289833509897161,0.9677201599165242,True,False
G0948,1.6214889277221292,0.1426195541411463,0.14507488568808527,0.5153637147001252,True,False
G0949,1.3210258984020862,-0.11883713557153838,0.26891043717495333,0.7048766374179642,False,False
G0950,0.5330006004784867,-0.20427561463703942,0.29925970829033055,0.7389128599761248,False,False
G0951,-0.47664110354244393,-0.21212175946097014,0.2897842686942248,0.7270746146670022,True,False
G0952,0.30635687135525097,0.03835028521398078,0.9053473553537665,0.9819860474080795,True,False
G0953,0.6169983637168169,0.5897666820566483,3.165900169414917e-05,0.0003422594777745856,True,False
G0954,1.4248020376028052,-0.20883293099822328,0.10282572830923237,0.41048194933825294,False,False
G0955,-0.1258830375138693,-0.09585893873241018,0.8085660871358421,0.9659481971388197,True,False
G0956,-0.5073238884698476,0.2290449080184732,0.23624042495789488,0.6571360916770372,False,False
G0957,2.317179477177646,0.09564554223762282,0.057185889918363916,0.28881762585032283,True,False
G0958,1.4232572276068611,0.18797216538067377,0.1286737894175889,0.48719295387721157,True,False
G0959,0.36144006587795535,0.042982847978971596,0.8770709914581354,0.9805962052558767,True,False
G0960,-0.8565118924688211,0.06937741989568202,0.5893645918308354,0.9132727613835102,False,False
G0961,0.5340119803049411,0.004085332019209143,0.8957932689073791,0.9805962052558767,True,False
G0962,1.15741522320333,-0.17094933340489635,0.21669964995162297,0.6336247074608858,False,False
G0963,4.772357404068183,0.44864575509028665,3.296233187556396e-08,6.463202328541952e-07,True,True
G0964,0.8669868642968191,-0.15069615849895768,0.3538583079263386,0.7918923453025756,False,False
G0965,0.09544686054229844,0.08928582176498832,0.8386989136684508,0.9712784176820507,True,False
G0966,1.176785030248895,-0.4144393106130822,0.004597791300318132,0.03356052044027834,False,False
G0967,-0.5439698242069161,-0.31791575497025854,0.06809525531301469,0.32659594874347575,True,False
G0968,-0.38267943722802944,-0.029367781098422658,0.8997255436479675,0.9813269197031894,True,False
G0969,-0.4424943734823289,0.005455411270403008,0.9247194066050398,0.9849481638513282,False,False
G0970,-0.5863406025215627,0.26773651509970386,0.137525723668601,0.5010024661689265,False,False
G0971,1.9785529844078056,-0.13318137572788055,0.084590022095919,0.3718242729490945,False,False
G0972,-1.624285397303184,0.08363443776665391,0.22300665224681962,0.6389875422544975,False,False
G0973,4.29609790305946,0.12495631605628832,8.486188051409146e-05,0.0008516881670171767,True,False
G0974,-0.925018182156823,0.3442520751363026,0.02838828958949383,0.1658066509255173,False,False
G0975,-1.1812498740229496,-0.40414346356952907,0.005815241382653981,0.041686318155225666,True,False
G0976,0.14750932785100018,0.2131984137621605,0.3615346733278083,0.7954558269038687,True,False
G0977,-1.5023100362105302,-0.06974550046249536,0.2893228063721365,0.7270746146670022,True,False
G0978,-0.04349189908160261,-0.28866635729064954,0.15776837963229903,0.5403026699736269,True,False
G0979,2.3159856590081307,-0.10204665922457447,0.054646315374270366,0.2795207947533011,False,False
G0980,4.5740271860731205,0.7596237768630762,1.1637966652200174e-14,3.3251333292000494e-12,True,True
G0981,0.49714527947009374,-0.04029990162493777,0.8329120166880148,0.9677201599165242,False,False
G0982,-0.7976602674498654,-0.14596334629213453,0.39174715232416996,0.816990932897122,True,False
G0983,0.5203070367607842,0.006568636037479856,0.8962831532658997,0.9805962052558767,True,False
G0984,-1.4349358786973097,-0.02148081478141167,0.40157092598414357,0.8239776561273348,True,False
G0985,0.22967428812882995,0.11654192864247916,0.7025017066062907,0.9367035533566056,True,False
G0986,-0.08718058869876738,0.08151161383136914,0.8641626007957859,0.9805612268786049,False,False
G0987,2.186566129486045,-0.09243337240451473,0.07718082705079926,0.34781155501398636,False,False
G0988,-0.05296829718999939,-0.1379426722902765,0.679504400861217,0.9367035533566056,True,False
G0989,-0.3293066995648305,-0.015664065675968845,0.9410131900953156,0.9852851179192671,True,False
G0990,-0.5271091758858695,-0.04572903281619604,0.8070081848939281,0.9659481971388197,True,False
G0991,-1.1632356930822623,0.017118405253572614,0.5550278816261005,0.8992985661952841,False,False
G0992,0.7875412474041193,-0.1768000600215006,0.307822214115814,0.742806776132167,False,False
G0993,1.4616320887749428,-0.0038972610015868777,0.41662135239692777,0.8308313411808614,False,False
G0994,1.9182079558730054,0.4060968188695171,0.001515895999883839,0.01207885258871585,True,False
G0995,0.7260395114530528,0.061900847723055034,0.6731893413163876,0.9367035533566056,True,False
G0996,-0.33201730875978397,0.01749387893705581,0.9372708948775801,0.9852851179192671,False,False
G0997,3.230725872788557,0.4966905718149807,3.6308059955188253e-06,4.6548794814343914e-05,True,True
G0998,0.4743509095672338,-0.25970184385300826,0.16880362660998954,0.5621450339399833,False,False
G0999,-1.40502378218194,0.14640736774648758,0.19393648213777462,0.6014093146128499,False,False
G1000,-0.7504380656888857,-0.15059149056938162,0.39487005112726553,0.8196218298915157,True,False
G1001,0.9464152938935436,-0.09431337668757257,0.4783387694466592,0.8684829282459985,False,False
G1002,-1.879338902599252,-0.035394694935937575,0.19483386926637308,0.6014093146128499,True,False
G1003,0.021793283892933907,0.03900211279084557,0.9712671115617869,0.9949199524773163,True,False
G1004,-0.32789702911740876,-0.10428267222642541,0.710218173098812,0.9368069099118345,True,False
G1005,-0.9100058607647856,-0.10078380559780943,0.47672562472339497,0.8682968214197113,True,False
G1006,0.0626175133893926,-0.23649758280619565,0.29907159406834616,0.7389128599761248,False,False
G1007,0.31891189186959745,0.13482448606464403,0.6039845858278114,0.9180773394233275,True,False
G1008,0.548686526492819,-0.09582013553911128,0.650406043691157,0.9278936574248217,False,False
G1009,-2.607338296787459,-0.09216368190549182,0.02992850913820111,0.17200292608161555,True,False
G1010,1.6837056343568566,-0.3342573829488515,0.01075861323738439,0.07172408824922927,False,False
G1011,-0.46425691514472117,-0.1101035649916649,0.6375055714929108,0.9266069353094634,True,False
G1012,1.049075836047236,0.11063101008669653,0.3909936693767583,0.8162707085109777,True,False
G1013,-0.1108473365139768,0.13749959911102214,0.663364925050834,0.9338668066677295,False,False
G1014,-0.5695031775989878,-0.17695614187349099,0.37274251738164654,0.8010178204342533,True,False
G1015,2.5730834425910585,0.4372264566529096,0.0001480072320802815,0.0014029121524197297,True,True
G1016,3.171046592345931,0.0738237620031278,0.007322966538104086,0.051209556210518085,True,False
G1017,1.570183680129014,-0.2346685864480228,0.0603443252517581,0.29873428342454506,False,False
G1018,-0.33766142139781574,-0.07735965055659119,0.7936132263563596,0.9622641288132145,True,False
G1019,0.23457382359596346,0.08592957798249179,0.8042436612297639,0.9659481971388197,True,False
G1020,1.1275974096857375,0.14474235333593094,0.28050964722939026,0.7164997374952498,True,False
G1021,0.5869601315618411,-0.23721599734766696,0.2009114700313768,0.6106731611895951,False,False
G1022,2.581392549688084,0.31505051522334215,0.0021186851335406563,0.01636050296170391,True,True
G1023,-0.18093167208021912,0.15458220270160652,0.5746595220023945,0.90560923830615,False,False
G1024,-1.068167260420336,-0.08055367143572163,0.4582743923182283,0.8589960493312621,True,False
G1025,0.7559923915205667,0.03410674185221393,0.732217206641851,0.9466285800153212,True,False
G1026,1.1065615839663676,-0.1945674070546256,0.18397070366051405,0.5872484619339757,False,False
G1027,2.2337595131398125,0.1552314841650577,0.04139212714547346,0.2254420550727367,True,False
G1028,-0.5401561354729701,0.03853268149617308,0.8196460831250839,0.9677049387545265,False,False
G1029,0.6550332179211388,0.19235587779258848,0.30207408297735727,0.7421967640721309,True,False
G1030,-0.027485054474932855,-0.16166469195013333,0.5919516058103934,0.9132727613835102,True,False
G1031,4.798376574509996,0.47763659982145074,1.2237082999132386e-08,2.719351777584975e-07,True,True
G1032,-0.09410099559988395,-0.20354591423509125,0.40878509681810493,0.8305438252367496,True,False
G1033,-0.6429552074352124,-0.20637768309507737,0.2665324464035014,0.7014011747460562,True,False
G1034,-1.6845202737470826,-0.2218473501597725,0.0583126043421219,0.29083593188090723,True,False
G1035,0.7184997336153728,0.0018366329069922367,0.8230258481311503,0.9677201599165242,True,False
G1036,0.16453576228986105,-0.16425302595222316,0.5418233810031283,0.8948804715434024,False,False
G1037,1.1271933923937107,-0.031914262611249786,0.5431948947591747,0.8948804715434024,False,False
G1038,-0.5463299891736583,-0.13380588100525664,0.5240762608764159,0.886008019421919,True,False
G1039,2.596219118307361,0.022794387697051426,0.04770719860030233,0.2507696228087865,True,False
G1040,-0.7038169784634813,0.09360733223679085,0.589890701617495,0.9132727613835102,False,False
G1041,0.5168866024350324,0.08992149818014844,0.682814538830266,0.9367035533566056,True,False
G1042,0.4187709283008611,0.099850058126987,0.6903113181649265,0.9367035533566056,True,False
G1043,1.107372682572806,-0.051896911886243735,0.5083020215697085,0.8775136268729397,False,False
G1044,-0.16137189272996386,0.07566501955675414,0.8585987533861277,0.9785022197076156,False,False
G1045,-0.9129425374933198,-0.0695874989585213,0.5612658100516204,0.901631823376097,True,False
G1046,-0.9843021457717125,-0.15243473365564003,0.3096149404214131,0.742806776132167,True,False
G1047,0.8171423284541685,-0.2164474710108206,0.2028094676740832,0.6127174249972303,False,False
G1048,0.10745986416783718,-0.036636429472924115,0.9592199797461525,0.9903285742660182,False,False
G1049,0.3461889402977906,0.011517596954961759,0.9430582013423343,0.9854892801428295,True,False
G1050,-0.8127150457416082,0.21750585289720592,0.20142303890342622,0.6112990558525834,False,False
G1051,0.14119745368983486,-0.09963226973193344,0.7912728220142036,0.9622641288132145,False,False
G1052,0.21908904012866637,0.193921399397849,0.4135990138447465,0.8305438252367496,True,False
G1053,0.6166655164838166,-0.26098440775774434,0.1460378958368211,0.5169483038471544,False,False
G1054,-1.4616139992960122,-0.0396951494817614,0.3576169026300253,0.7929421344346459,True,False
G1055,-0.7671973995542191,0.32691526086610356,0.04650854294691136,0.24607694680905481,False,False
G1056,1.7292031089250024,-0.0751616466453347,0.19967498454102056,0.6078386135190885,False,False
G1057,-0.39295132164796354,-0.1594065830957182,0.4883697211789879,0.8728019750064461,True,False
G1058,-0.08392595905586166,-0.17711135131086658,0.5139448894786918,0.8802285723396205,True,False
G1059,-0.398384370787091,0.31214192186458795,0.08527388215470119,0.3739971577849705,False,False
G1060,-1.4967206562960262,0.16498693262661876,0.14421556605835417,0.5142252381005543,False,False
G1061,-1.0757201510474208,-0.10556730602707066,0.3926118642805529,0.8176319714625487,True,False
G1062,0.37070350619982256,-0.09048446656500615,0.7399973269443791,0.9499323837540168,False,False
G1063,-0.6720832622356478,-0.3953466217728042,0.01359747312002651,0.08800953475745314,True,False
G1064,2.0271350129053607,-0.04870094288597572,0.13940289921423954,0.5032595639503232,False,False
G1065,-1.4981827767010785,0.21251476831109734,0.08823247793909446,0.3819587789571189,False,False
G1066,1.7339754471733617,0.46740925515929255,0.00044020688699102165,0.0038113150388833046,True,False
G1067,2.4576670554923976,0.6979889616817218,2.947291656815149e-09,7.655303004714674e-08,True,True
G1068,1.8962004928488736,0.5901446152287875,3.8920035047660864e-06,4.92658671489378e-05,True,False
G1069,1.3806630023682818,0.218401616998483,0.09846694952877676,0.40272780993364726,True,False
G1070,-0.42622329592556996,-0.09896022471277341,0.6903334082238015,0.9367035533566056,True,False
G1071,0.516354971971346,0.02250611426052943,0.8661047243818687,0.9805962052558767,True,False
G1072,-1.4185506359162086,0.18744155978647775,0.13026117572022647,0.48719295387721157,False,False
G1073,0.6607008361810373,0.05782237610010346,0.7152936499909832,0.93809003277506,True,False
G1074,0.6335830426168481,0.0913352293060996,0.628069621013893,0.9266069353094634,True,False
G1075,1.2333755223109806,-0.062494686325651555,0.4220417945694608,0.8365545977590897,False,False
G1076,0.213091814720395,-0.042125234230778276,0.9244743823623273,0.9849481638513282,False,False
G1077,4.702037609369358,0.46681207431985267,2.6897411886864388e-08,5.433820583204927e-07,True,True
G1078,0.15947817310492748,0.003479740587605216,0.9891315132093202,0.9974002660959864,True,False
G1079,0.9166193765224027,-0.008755008316752367,0.7086162381142722,0.9367035533566056,False,False
G1080,-0.42076196694194423,-0.05209751073646989,0.8330603596651984,0.9677201599165242,True,False
G1081,0.5362085633249729,-0.33549371448983467,0.050929534876308385,0.2638836003953802,False,False
G1082,-0.5778740814608436,-0.22694648471776027,0.22748637946650604,0.6442587655307545,True,False
G1083,0.69755810328161,-0.02412324083767817,0.7843652446524243,0.9622641288132145,False,False
G1084,-0.2862858272107142,0.16232728129001242,0.5119045888344358,0.8802285723396205,False,False
G1085,-0.6591593364661051,-0.1471205996593495,0.4381698851967222,0.8499932112067257,True,False
G1086,-0.6881750538051019,-0.0933238270383314,0.5977287732699677,0.9149682461031762,True,False
G1087,1.461259763631611,-0.020203254536547435,0.3904575418807071,0.8160242611054784,False,False
G1088,-1.567948265747384,0.13232409660384745,0.17157861091892995,0.5664778020933164,False,False
G1089,-1.4927995117877648,0.2374288304992788,0.0659948193908284,0.32114267343468805,False,False
G1090,0.6269040007944346,0.028693963266665623,0.8059492747047551,0.9659481971388197,True,False
G1091,-1.0062105414271996,-0.012324639971472607,0.6521831196031944,0.9278936574248217,True,False
G1092,-0.47645060754543,-0.13341665190248225,0.5517479577349166,0.8971988790551045,True,False
G1093,-0.5038166159958406,0.04559157164749766,0.8169864161378596,0.9659481971388197,False,False
G1094,2.269320500658195,-0.057214987394982444,0.0820498995145995,0.36145330182642954,False,False
G1095,2.1527800576705913,0.5168765616587143,3.782056173664619e-05,0.0003960268244674994,True,True
G1096,-0.732348609564204,-0.14714522799554136,0.4117222315923007,0.8305438252367496,True,False
G1097,-0.3993230750205363,0.15041366708450907,0.5187363417285074,0.8815296867945437,False,False
G1098,0.22191962324740244,-0.07445187713231921,0.8427559578654243,0.9742843443530916,False,False
G1099,0.49136315850502266,-0.2450249756250084,0.19932862148541247,0.6078386135190885,False,False
G1100,-1.4800212482450765,-0.018848844119827967,0.383295907730576,0.8103507563014292,True,False
G1101,0.43852962069335405,-0.18050870109444744,0.4001588443121866,0.823808482047617,False,False
G1102,1.9461958624531686,0.06740660543432683,0.14482736090091144,0.5153637147001252,True,False
G1103,-1.7940144995372673,0.18664361292012632,0.0715569497036287,0.33208732597599633,False,False
G1104,4.63504124429989,0.49314903278325534,1.6019082982002806e-08,3.444964082151141e-07,True,True
G1105,0.7633918273873065,-0.036080135492555766,0.7236663091243685,0.941048516416604,False,False
G1106,0.1488134613631653,-0.13781913607871035,0.650055840666748,0.9278936574248217,False,False
G1107,-0.201548904456375,-0.0855735527469524,0.816511204336579,0.9659481971388197,True,False
G1108,-2.360848742554447,0.3083936556173915,0.004120305357579429,0.030185387235014134,False,False
G1109,1.1943046270614832,0.14799508940715783,0.2523153300942032,0.6791798925819736,True,False
G1110,-0.3300002401588456,-0.16392202073899784,0.49218262602148466,0.8728019750064461,True,False
G1111,-0.21178858385938426,-0.15284695764628287,0.571682933937641,0.90560923830615,True,False
G1112,1.2218616797110406,0.046167822730086676,0.46275084752155704,0.8603576656962356,True,False
G1113,-2.346045358789457,0.005149807771311398,0.0920168560749164,0.3900382474614613,False,False
G1114,-0.07381244503374049,0.0075848924163320446,0.9949400755314518,0.9974002660959864,False,False
G1115,0.590444176677145,0.08469165165470345,0.667753861970646,0.934899714366307,True,False
G1116,0.7144458201244263,-0.17006512585736308,0.34908232634745423,0.7852650766399745,False,False
G1117,0.6037013532918427,-0.12821021618339434,0.5208012456758978,0.8840233297039242,False,False
G1118,2.0342982508470744,0.1448646998350241,0.06862151856474022,0.32710124965764314,True,False
G1119,0.2787580526694006,0.04176126120279957,0.9064905088887173,0.9819860474080795,True,False
G1120,1.0139544842955728,-0.043035943202721555,0.5777212610649114,0.90560923830615,False,False
G1121,0.768175071389422,-0.01970328965968003,0.76060331441494,0.9583956368338392,False,False
G1122,-1.4846474812043078,0.09191926170739441,0.25919016645962517,0.6884200968383138,False,False
G1123,-0.7712348432735607,0.04082797555665337,0.7077882056354292,0.9367035533566056,False,False
G1124,2.080563018602998,-0.10543567702568661,0.08676862022638969,0.3773423675211562,False,False
G1125,-0.27399029794733315,-0.17931051173762014,0.4522631597280191,0.857107223826361,True,False
G1126,-0.06818953725854875,0.11517960726348289,0.7605445666910037,0.9583956368338392,False,False
G1127,-1.3184733437338223,-0.18659822199390924,0.15139349617404235,0.5293478887204278,True,False
G1128,-0.34426647648452907,0.3027101659000797,0.10331615681606014,0.41079982829447376,False,False
G1129,-1.3143272152127536,-0.17679449738111827,0.16752605224239273,0.5620201015456154,True,False
G1130,-0.6099754540381398,-0.0965385144060966,0.6218986526269471,0.9233833001142495,True,False
G1131,0.5526986425765563,0.1592468546341525,0.43573266608824746,0.8493814153767008,True,False
G1132,-0.8319837317716284,0.21357077211340636,0.20596290676894488,0.6157336525230042,False,False
G1133,-0.6155713244602333,0.006878755830453347,0.8583371911426758,0.9785022197076156,False,False
G1134,1.3371658161178108,-0.40338945567998524,0.004661849510430007,0.0339043600758546,False,False
G1135,0.46960397290101014,-0.02198408760124219,0.8847709641235352,0.9805962052558767,False,False
G1136,0.5152995630213514,-0.31766908772826263,0.07024891599647072,0.32931308849053803,False,False
G1137,0.9937694853719014,-0.0790632586378746,0.49711841184041794,0.8752084715500316,False,False
G1138,-0.5519061899904665,0.1238566347616474,0.5557665139086856,0.8992985661952841,False,False
G1139,-0.3911857396042996,0.11563569095073892,0.6467724209204884,0.9278936574248217,False,False
G1140,-2.059332206007331,0.015612274153848431,0.15570751586222678,0.5387803317032068,False,False
G1141,0.7327080371495359,0.034021671485654166,0.7437722286590724,0.9513443996891733,True,False
G1142,-0.20790615572083823,0.09050835152092247,0.7989223929391788,0.9637182061992506,False,False
G1143,-0.00506876807893576,-0.06220204338051321,0.9336835549810307,0.9852851179192671,True,False
G1144,-1.0907766226033526,-0.05911280536920999,0.49966816300298467,0.8753926278132457,True,False
G1145,0.619097830392077,0.17801609736991483,0.3545152790130275,0.7918923453025756,True,False
G1146,0.6257943723379703,0.06989486882745119,0.6967503628295946,0.9367035533566056,True,False
G1147,3.1816084691130837,0.5024197950348713,3.529806784686532e-06,4.554589399595525e-05,True,True
G1148,-1.589773177848445,0.058066411397791506,0.2728208573348768,0.7081672937329334,False,False
G1149,-0.843157517454162,0.055515643717545936,0.6335578234791588,0.9266069353094634,False,False
G1150,-0.03511949774850082,0.12195411344933779,0.7459267347588421,0.9517208422050577,False,False
G1151,2.6259631878437943,0.6566374107938732,2.338638003971061e-08,4.872162508273043e-07,True,True
G1152,0.38546854968179717,0.25471622810041833,0.19338043646562367,0.6014093146128499,True,False
G1153,1.00545051053255,0.08715705263896294,0.4705214995119592,0.8673207364275747,True,False
G1154,-0.7558933337616359,-0.07274434375151491,0.628161182224704,0.9266069353094634,True,False
G1155,-0.1817225127574789,-0.06103495308377556,0.8910202182697691,0.9805962052558767,True,False
G1156,-0.6856404797329725,-0.14413735198447925,0.43800650966866705,0.8499932112067257,True,False
G1157,1.0308743189138676,0.03224983530142059,0.5941676625525887,0.9132727613835102,True,False
G1158,5.728233160830326,0.24886478944620563,1.6790249577671858e-08,3.572393527164225e-07,True,False
G1159,2.6616050217080645,-0.1983050698617704,0.009502802310731482,0.06420812372115867,False,False
G1160,0.00711724367352305,0.09459967480296437,0.8478542988083179,0.9763277083865131,True,False
G1161,1.5489319333442906,0.8401390199176836,2.9816716258785205e-14,5.4212211379609464e-12,True,False
G1162,0.409622289700554,-0.24190228185949525,0.22120004487179698,0.6373047980796932,False,False
G1163,-0.23239186016872856,0.14279069554822482,0.6036384447195702,0.9180773394233275,False,False
G1164,0.1912312899067609,0.029957605865040097,0.9520275400360564,0.9870684707475961,True,False
G1165,1.2440401296363242,-0.15599851987700694,0.2217791848264773,0.6373047980796932,False,False
G1166,3.093027574057044,0.34206882684148426,0.00029918977157642395,0.0027075997427730676,True,True
G1167,4.987960142654858,0.4225765231109091,2.380428109043393e-08,4.908099193903903e-07,True,True
G1168,-2.1159972635805038,0.3416760926181776,0.003936345243124409,0.02894371502297359,False,False
G1169,1.0592049593906816,0.03334513172741878,0.5764650436584642,0.90560923830615,True,False
G1170,0.13575942325786441,0.23506730087729721,0.29046630855946737,0.7270746146670022,True,False
G1171,2.934987949015055,0.2876057179326507,0.0012848447536025532,0.010445892305711815,True,True
G1172,3.849875378387152,0.5486046114865185,6.203982363962798e-08,1.1178346601734773e-06,True,True
G1173,1.4193366166859114,0.11930107352891954,0.23510142640479317,0.6548786250829893,True,False
G1174,-0.503215409101985,-0.10317730853043829,0.6451601627380836,0.9269542568075914,True,False
G1175,1.2718195744787137,-0.08879547278556081,0.3485700428307783,0.7850676640332844,False,False
G1176,-0.502647964238011,0.071393107320034,0.7460862760061384,0.9517208422050577,False,False
G1177,0.05114479657886349,-0.23896141870098192,0.29305303603585875,0.7298954820320267,False,False
G1178,0.36102058767820727,-0.006010883654146256,0.9474555722090362,0.9862780583540869,False,False
G1179,2.0310925224945695,-0.1963661716197058,0.04115582993956802,0.2254420550727367,False,False
G1180,0.2565772203724555,-0.0014710206388080672,0.9764368586281803,0.9970291007045761,False,False
G1181,0.24470148294670319,0.061897216916829444,0.8694810085396694,0.9805962052558767,True,False
G1182,-0.058157743366234915,0.10182719791507726,0.8098484377314867,0.9659481971388197,False,False
G1183,5.271828216657328,0.4903151980610449,7.643145882242933e-10,2.505949469587847e-08,True,True
G1184,-0.5963050240168151,-0.02988516735842004,0.8165754307511861,0.9659481971388197,True,False
G1185,1.8190240139059761,-0.08225616860130637,0.16465702617857148,0.5572149786076869,False,False
G1186,1.4810273787730386,-0.12956029318879111,0.19946050835983775,0.6078386135190885,False,False
G1187,-0.6757838220338787,-0.0927490337948162,0.6050129666799728,0.9180773394233275,True,False
G1188,0.17301033142645952,-0.06582338725369873,0.8815460190421125,0.9805962052558767,False,False
G1189,-1.1641584188719065,-0.07940318507106224,0.4166284116057257,0.8308313411808614,True,False
G1190,0.9543289218951794,0.0246745366402684,0.652756933732827,0.9278936574248217,True,False
G1191,0.7006381800836283,-0.10376978285901507,0.5597475776271268,0.9011494636095263,False,False
G1192,0.1265988655670171,-0.24001319699788243,0.2765693199376527,0.712807525612507,False,False
G1193,-0.7928559953589016,0.09871283656916811,0.5347044623075115,0.8919984243757771,False,False
G1194,0.7804931719678558,-0.11527030118564571,0.4902267851661942,0.8728019750064461,False,False
G1195,0.6318792500147311,-0.25232582679315535,0.1606907652960707,0.5481084269091427,False,False
G1196,4.291046888523459,0.386712927419814,1.4245327895962082e-06,2.064540274777113e-05,True,True
G1197,0.752490545650093,-0.054094497766788256,0.682009945250653,0.9367035533566056,False,False
G1198,-1.3288598185559186,-0.03593896108728002,0.4291781133606003,0.8431240387079072,True,False
G1199,-0.5835456002077779,0.02854022074000949,0.8252083543070707,0.9677201599165242,False,False
G1200,-0.9362761228963267,0.28471961182096395,0.07476971491926615,0.3421954916213554,False,False
G1201,0.12874908070251687,-0.19992171311081786,0.4140846917265836,0.8305438252367496,False,False
G1202,4.686848936864236,0.6858450519923724,1.7613087477337489e-12,1.5315728241163034e-10,True,True
G1203,0.06295672703468062,0.022417390826590975,0.9847932106582288,0.9974002660959864,True,False
G1204,3.428249350253382,0.42991571751800195,1.3317841034690668e-05,0.00015220389753932192,True,True
G1205,-0.017537948519363238,-0.33921752901613866,0.07245950986954965,0.33468595782701915,True,False
G1206,-0.3926415306103439,-0.0461336664592887,0.8585437674366672,0.9785022197076156,True,False
G1207,1.0262368166605598,0.09488477828421903,0.44104610933419386,0.8522630132061718,True,False
G1208,0.5553270358864079,-0.1611140371975955,0.4286495844597862,0.8431240387079072,False,False
G1209,1.4312909626598804,-0.23229683161478945,0.07737384741145759,0.34781155501398636,False,False
G1210,0.9859310773954096,-0.1994451883413364,0.2018040494466954,0.6115274225657436,False,False
G1211,-0.8011762591897936,0.022106066887075747,0.7386053471466161,0.9499323837540168,False,False
G1212,-2.536780562765202,0.0018181256564456809,0.06093978490182262,0.30093720939171664,False,False
G1213,3.4242301687965138,0.6773092843684836,5.528291034563548e-10,1.939751240197736e-08,True,True
G1214,1.3658446157763104,0.47006795960760467,0.0007902675559696718,0.0066131176231771695,True,False
G1215,-1.3998063144838402,0.11662542254310371,0.24618877577492587,0.667781497039086,False,False
G1216,-1.4717879722993545,-0.18739314224031162,0.12044313369658781,0.46235368021722767,True,False
G1217,-0.6324918321169399,-0.03773097830476929,0.7814617778119678,0.9622641288132145,True,False
G1218,2.1293418944579114,0.6948664869852171,8.290662599378952e-09,1.9058994481330925e-07,True,True
G1219,0.013372218592428585,-0.047575406990714386,0.9596803097200226,0.9903285742660182,False,False
G1220,2.0523619683287673,0.0742575120180544,0.11394012510246676,0.44172150149372297,True,False
G1221,-1.204828549000387,-0.19561235551062142,0.1608698232978334,0.5481084269091427,True,False
G1222,-0.0033039244414369644,-0.14559193907565157,0.6639260572183149,0.9338668066677295,True,False
G1223,-1.2371441828100327,-0.08632090243945019,0.3686306857123836,0.7991618232383174,True,False
G1224,-0.9885748075027408,-0.17460672510667619,0.25520112514715443,0.6817937481175116,True,False
G1225,0.0731002072790554,-0.07432502405333447,0.8878716446556923,0.9805962052558767,False,False
G1226,0.42471083097556733,0.21554422836918904,0.291559762742744,0.7278344939851488,True,False
G1227,-1.2795213456251584,-0.03917281462433509,0.44789325450812534,0.8558326903137617,True,False
G1228,1.1496872844597894,0.03371110597583655,0.5272303203426832,0.8867740377171798,True,False
G1229,-0.9246259641868334,0.23135768066997928,0.15274145713139656,0.5322001990640994,False,False
G1230,0.9636085275682773,-1.1378892349281654e-05,0.7016057064371332,0.9367035533566056,False,False
G1231,-0.04706939119686253,-0.025637704361455477,0.9836417852661291,0.9974002660959864,True,False
G1232,0.91100633650145,-0.07627857398714795,0.5440873266983887,0.8948804715434024,False,False
G1233,4.366988101490739,0.7070876315995955,1.844128820996078e-12,1.5367740174967317e-10,True,True
G1234,-0.2819250264476856,0.13414880564761578,0.6194426571816442,0.9233833001142495,False,False
G1235,0.48250841017552665,0.30600201844825586,0.0871960386632803,0.378290840187767,True,False
G1236,-1.3383713619063526,0.3088214648866808,0.029805905431986923,0.17179196214401685,False,False
G1237,-1.296146221441666,-0.22608598981727787,0.10160496998803663,0.40944396629728347,True,False
G1238,-0.3522447692622993,0.11387921324365752,0.6676795549355083,0.934899714366307,False,False
G1239,1.3762055289095616,0.31696980473411923,0.024534913161435516,0.14647709350110755,True,False
G1240,-0.7434350846307666,0.04795093668052862,0.7028602211888735,0.9367035533566056,False,False
G1241,-0.5952491751840291,0.025322806149214266,0.8276047101301329,0.9677201599165242,False,False
G1242,1.668150629718043,-0.17180840477118509,0.10318468442178946,0.41079982829447376,False,False
G1243,0.0464148224834097,0.17300296232562676,0.5406456649390308,0.8948804715434024,True,False
G1244,0.003740221940450516,-0.15043575615669905,0.6443061503054345,0.9269542568075914,False,False
G1245,2.6785863206958513,0.42078179383662845,0.0001706283326511082,0.0015821879489195487,True,True
G1246,0.06347076425056275,-0.048497156052561184,0.9481269459231634,0.9862780583540869,False,False
G1247,2.0548016388860315,0.48696906474576224,0.00012543710998482143,0.001217836019270111,True,True
G1248,-0.05324557691570359,-0.06307372458057164,0.9206156208028795,0.9849481638513282,True,False
G1249,3.335687470265564,0.30240049158219073,0.00028951877605611716,0.0026319888732374286,True,True
G1250,0.3313537281082636,0.15753040474203264,0.5153818862929488,0.8809229743520527,True,False
G1251,1.0527380037981466,-0.0034897985220853256,0.644919796712728,0.9269542568075914,False,False
G1252,0.8290739007996442,0.13925911231721208,0.39974030362836505,0.823808482047617,True,False
G1253,-0.13096926646767856,-0.09794401381657132,0.8001433735894798,0.963904496562504,True,False
G1254,0.8719493375155238,0.22521894539420131,0.17372635773474818,0.5681775189366157,True,False
G1255,1.8074009981408452,0.0812589257696752,0.1690041834553511,0.5621450339399833,True,False
G1256,0.3061683305712644,0.18661672706143329,0.41666191760220206,0.8308313411808614,True,False
G1257,-1.218286925666121,0.11914822495721406,0.30499122405862455,0.742806776132167,False,False
G1258,0.19326611820095002,-0.23412821117254845,0.2827504498400593,0.718552604422006,False,False
G1259,1.8702065122520934,0.18015412496176858,0.06669385032661869,0.32141614615237923,True,False
G1260,2.5931294621578815,0.16159370942191126,0.01688183831996539,0.10584224652015918,True,False
G1261,4.482988957274783,0.160239268235834,2.676882535846365e-05,0.00029578812550788567,True,False
G1262,-1.1062816244033296,-0.059178822381745336,0.49175971974643795,0.8728019750064461,True,False
G1263,-0.18861416512464524,-0.12421886016750498,0.6884594420361225,0.9367035533566056,True,False
G1264,1.4606467112702974,-0.08234294415992617,0.28444260772350394,0.7201078676544403,False,False
G1265,-1.1635883882049074,0.04641882748108559,0.49197470623016115,0.8728019750064461,False,False
G1266,-0.4946415773524778,0.13423870464747445,0.5420658423652129,0.8948804715434024,False,False
G1267,-0.002478498066138146,-0.04302886278037419,0.9687014144692764,0.9936600269667198,True,False
G1268,-0.15296233912856308,-0.32776761348655564,0.08025073416982273,0.35746429474308566,True,False
G1269,2.857951208698115,0.7363248954194622,5.876289815794681e-11,2.9381449078973405e-09,True,True
G1270,0.12461819593610046,0.045094694115303806,0.9408679952631763,0.9852851179192671,True,False
G1271,-1.4183653590968954,-0.09221023557679499,0.28325698454584197,0.718926356715335,True,False
G1272,3.4260058379274105,0.26927046130390686,0.0003715526952582457,0.0032592341689319797,True,False
G1273,2.450936416096626,0.22782899856919142,0.011162167731999196,0.07392164060926619,True,False
G1274,-0.3115605263987172,0.1881881078633821,0.40958505124364264,0.8305438252367496,False,False
G1275,-0.3104181946458465,-0.09251857385171697,0.7561374202650506,0.9580864810412696,True,False
G1276,-0.01539123230703744,0.1809812150620316,0.5165533649203129,0.8809428531592528,False,False
G1277,-0.361733457480185,-0.037457319018971,0.8894747776133799,0.9805962052558767,True,False
G1278,-0.43250564652469026,0.1318524020156723,0.573653215624934,0.90560923830615,False,False
G1279,0.3452291044880349,-0.1392045844518972,0.5785391840850946,0.90560923830615,False,False
G1280,0.8831558770510621,-0.1900809608059735,0.24755445481166816,0.6690660940855896,False,False
G1281,0.944479366457273,-0.030400670030231586,0.6446193631511559,0.9269542568075914,False,False
G1282,-1.1702101634747495,-0.2612244997862476,0.07738807099061197,0.34781155501398636,True,False
G1283,3.8294160013135827,0.31030411341606257,4.4101235724431826e-05,0.0004570076240873764,True,True
G1284,0.7278146033466517,0.07005245229899883,0.6491704400827917,0.9278936574248217,True,False
G1285,3.489540774714647,0.7020099561819004,8.875498402009196e-11,4.2264278104805694e-09,True,True
G1286,0.4473728251348289,0.026854373776245142,0.8826509804204027,0.9805962052558767,True,False
G1287,-0.24002140076677128,-0.24860688909899278,0.2322012521748778,0.6504236755598818,True,False
G1288,0.3562514724097224,-0.15460380965352266,0.5179889649764139,0.8815296867945437,False,False
G1289,-1.5436073492952735,0.026416603031851203,0.3407259628711745,0.7792709415287093,False,False
G1290,0.4400055969399098,-0.02157154572136654,0.89611238937333,0.9805962052558767,False,False
G1291,-0.503602648726966,0.36048252745759235,0.0331868187518089,0.1859205532314224,False,False
G1292,-0.7570920865340431,0.2841979538069993,0.0922440455246356,0.3900382474614613,False,False
G1293,-0.32151704633483746,-0.0448276443235715,0.886207176682601,0.9805962052558767,True,False
G1294,0.9636230506466619,0.31578773085016143,0.044531393958786594,0.23877423034201928,True,False
G1295,0.9202919501395691,-0.1430012551321639,0.3560198277306486,0.7922841678776897,False,False
G1296,0.22544999584272318,-0.14264537962111926,0.606492295749098,0.9186633847481861,False,False
G1297,3.8804435775525916,0.6738800777332126,1.233331589718681e-10,5.4596766833141856e-09,True,True
G1298,-0.43057328473966655,-0.15729591590273376,0.483462317833509,0.8711032753756919,True,False
G1299,-1.2685825769515457,-0.084024066689123,0.35999455962091975,0.7938138029127227,True,False
G1300,-1.8896336609916617,0.24175471945381333,0.031243913281792064,0.1770193387070372,False,False
G1301,-0.055885909874788975,-0.061778909944977825,0.9228874486995803,0.9849481638513282,True,False
G1302,-0.17150756742989678,0.20618838216878102,0.3809703929030254,0.8097139062763559,False,False
G1303,0.010796524116523175,0.10800699434471088,0.8029739943207906,0.9659481971388197,True,False
G1304,0.04196047692341585,-0.06256461666190259,0.9244634608781375,0.9849481638513282,False,False
G1305,1.1924060030883137,0.09844894991679895,0.36074793394044885,0.7945989734371119,True,False
G1306,-0.9461153772268229,0.1716605769127108,0.2743279313650352,0.7088792581620869,False,False
G1307,-0.8001192010449955,0.12650508556846382,0.44839714064678604,0.8558326903137617,False,False
G1308,1.8900834868807224,-0.12551379165902932,0.10614779291991938,0.4170836656971292,False,False
G1309,4.6979378501820905,0.6764786403351638,3.010224685448916e-12,2.408179748359133e-10,True,True
G1310,-0.32852103322811244,-0.35216754710209663,0.045481022576321244,0.24195181899199764,True,False
G1311,-2.0652083110974915,-0.04629805814271688,0.13154209754684712,0.48719295387721157,True,False
G1312,0.43343764826317543,0.5602572205408558,0.00012990737939846036,0.001255143762303965,True,False
G1313,-0.3883485858045491,0.14225833194713314,0.5521620707933514,0.8971988790551045,False,False
G1314,-0.11303142490628988,0.20743952443800376,0.38999129194795346,0.8160242611054784,False,False
G1315,0.16015362865806007,-0.20429597282050418,0.3904676089389714,0.8160242611054784,False,False
G1316,-0.25752778400002985,-0.08527911666078136,0.7983009103694622,0.963549680590781,True,False
G1317,1.1158334389647988,-0.020485798216522626,0.5741279193417881,0.90560923830615,False,False
G1318,-1.2176844312157868,-0.07357477192262024,0.4052262519251629,0.8278370825846024,True,False
G1319,-0.3156143671923931,0.0545121728842612,0.8648550021069296,0.9805612268786049,False,False
G1320,-0.7115605428179397,0.09557366455953485,0.5803940183329565,0.9075604960604989,False,False
G1321,0.7407353690523797,0.10142510246434774,0.5495327829611807,0.8971988790551045,True,False
G1322,0.14329758059671202,-0.053618494902238314,0.9189240008798943,0.9849481638513282,False,False
G1323,0.7547305605056552,0.4813276172551555,0.0013528068976974817,0.010909733045947433,True,False
G1324,0.04313071859020998,-0.17707377679221242,0.5250786952317111,0.886008019421919,False,False
G1325,3.717640457214948,-0.031984846136629885,0.0016045033866989582,0.012633884934637466,False,False
G1326,0.6864739607725792,0.2348074319666588,0.1882511791416427,0.5947904554238316,True,False
G1327,-0.7868100516131477,0.1243321780548314,0.4602409638241469,0.859543715296285,False,False
G1328,-0.03968223086018241,0.12060052160803177,0.7495455733550174,0.9524086065502126,False,False
G1329,3.649387175526413,0.6348018585719046,2.716171947293789e-09,7.243125192783436e-08,True,True
G1330,0.7240650734564889,-0.02584698973526859,0.7677352858733982,0.9588610916204697,False,False
G1331,0.9375384454630528,0.019184819161398917,0.6743072783741295,0.9367035533566056,True,False
G1332,0.35086510840240714,0.17458152210055106,0.446912583821394,0.8558326903137617,True,False
G1333,-0.21039611351476195,0.24960528776392346,0.23425555685871846,0.654345130890275,False,False
G1334,-0.6970917602590214,-0.18878945129179114,0.3006457164820332,0.7414197693761608,True,False
G1335,1.576239225482351,-0.0730600294003137,0.25550398478530983,0.6817937481175116,False,False
G1336,1.0907056211850947,0.007474677212675338,0.615398920412058,0.9229805382187921,True,False
G1337,-1.1923232758594824,0.7980844062314221,9.64488739574761e-12,6.222507997256523e-10,False,False
G1338,0.043685832306678746,-0.17934373515826474,0.5157804014831269,0.8809229743520527,False,False
G1339,-0.8620659086892375,0.14997215088866692,0.35755983473561204,0.7929421344346459,False,False
G1340,-0.39753019074960594,-0.09543141603837892,0.7133784618978619,0.9368069099118345,True,False
G1341,1.6724648892747394,0.1216463223345646,0.15851092148318705,0.5419176802844001,True,False
G1342,-1.15296614947619,0.0468852842569625,0.49639490845225787,0.8752084715500316,False,False
G1343,-1.0593756291832641,0.2324986482903306,0.1285785046253393,0.48719295387721157,False,False
G1344,2.436697194473123,-0.14685549290947406,0.028435840633726214,0.1658066509255173,False,False
G1345,-0.4912295168366446,0.09484855837419208,0.6775770891338799,0.9367035533566056,False,False
G1346,2.471730117861903,0.32783783568936953,0.0022196290241058847,0.017074069416199114,True,True
G1347,4.445670234449095,0.4822810052281422,5.3521060317566396e-08,9.82037803992044e-07,True,True
G1348,-0.5203589715527231,0.15122931170016438,0.47392053537818657,0.8682968214197113,False,False
G1349,0.02689193838150235,-0.13810772762596216,0.68668332903062,0.9367035533566056,False,False
G1350,0.23808899081149293,0.11915847903101696,0.690091358428172,0.9367035533566056,True,False
G1351,1.402258516986987,-0.14865021391374508,0.19105336009479928,0.6014093146128499,False,False
G1352,-1.6211350807691576,-0.17151350881144672,0.11173688056008102,0.4356213667059689,True,False
G1353,-0.8380939298712478,0.1115186848147833,0.47712910337013137,0.8682968214197113,False,False
G1354,-0.13181949772316623,0.3315824382035905,0.07640706705560994,0.34651731090979565,False,False
G1355,4.1097814691646875,0.5969399012058701,2.83212412171933e-09,7.452958215050869e-08,True,True
G1356,-0.6440858401979181,-0.13685862706546315,0.47680256832327705,0.8682968214197113,True,False
G1357,0.4613648500834926,0.055958334508623926,0.8069458810708914,0.9659481971388197,True,False
G1358,-0.5141878185678666,-0.04080864065853498,0.8247604667618736,0.9677201599165242,True,False
G1359,-0.3949891441306445,-0.09600493896898336,0.7124761131941075,0.9368069099118345,True,False
G1360,1.2740703152149633,0.03641146786316606,0.45623462865438,0.8586965907075501,True,False
G1361,-0.23588608530930422,0.08492530079158803,0.806906918405556,0.9659481971388197,False,False
G1362,2.9616010992264736,0.12632504749048679,0.00885910691420375,0.060887332743668386,True,False
G1363,0.3592746392374398,-0.15141253506122138,0.5287086009801505,0.8870949680875008,False,False
G1364,1.1258498293105226,0.24938313883687907,0.09593860103173847,0.3985615552534715,True,False
G1365,2.4494569428968034,0.35005394897469067,0.001530543981248727,0.012147174454354976,True,True
G1366,-1.5559945964467774,-0.23951566063719232,0.058080346549535415,0.29040173274767705,True,False
G1367,1.5558966317955827,0.4550446489680766,0.0008712719739959534,0.007260599783299611,True,False
G1368,0.4871756889180173,0.020249780469743576,0.8818883673313627,0.9805962052558767,True,False
G1369,-1.1057957610795073,-0.12751543252015624,0.3275653707872238,0.7633209187336778,True,False
G1370,-0.5476874378934249,0.031366718868296006,0.8336909177680856,0.9677201599165242,False,False
G1371,-0.3365191212259803,-0.1357875010331218,0.5942072562823129,0.9132727613835102,True,False
G1372,-0.916948791250668,0.15488977440339563,0.32567385691625883,0.7610881332840962,False,False
G1373,1.1832678261852507,0.02595515822748893,0.5257342676195123,0.886008019421919,True,False
G1374,0.7790508924731538,-0.04001083089508329,0.7060079134884825,0.9367035533566056,False,False
G1375,1.0637801206310677,0.7730846355212599,1.447187618392336e-10,5.906888238336066e-09,True,False
G1376,0.5612177600259401,-0.1434330680675395,0.4858433576020804,0.8723411708369339,False,False
G1377,-0.9068259090468466,-0.025600103587282933,0.6758556335661515,0.9367035533566056,True,False
G1378,0.8744228186292939,0.08650989202339365,0.5329980866184756,0.8905565357033843,True,False
G1379,-0.8506351256113931,0.054076573446138254,0.6336449839603092,0.9266069353094634,False,False
G1380,4.37253338639924,0.3435656922625146,2.58956351148499e-06,3.5718117399792964e-05,True,True
G1381,-0.6678778585634181,0.1292397706407263,0.49226031390363556,0.8728019750064461,False,False
G1382,-0.5548107537265423,-0.08148388775378342,0.6931965373216449,0.9367035533566056,True,False
G1383,1.1647130754160633,-0.005817773212914626,0.5770026324211178,0.90560923830615,False,False
G1384,0.6492554902692825,-0.13515524705866883,0.4803639352950536,0.8686508775679089,False,False
G1385,-0.9548526195870668,-0.013324275691342386,0.6780529098355778,0.9367035533566056,True,False
G1386,3.178672408986489,0.37523976339460363,0.00011426907229078054,0.0011148202174710296,True,True
G1387,4.511025372230886,0.3051655146292024,2.967117581401126e-06,3.9041020807909555e-05,True,True
G1388,0.018363677636116744,-0.00599577591671127,0.9988385655832718,0.9988385655832718,False,False
G1389,3.3505163923421515,0.3593511730524113,9.208663050303978e-05,0.00091174881686178,True,True
G1390,0.6178285165916435,0.11035624877946874,0.5739268948403571,0.90560923830615,True,False
G1391,1.0205719815443157,0.1417654167599042,0.3237404414801371,0.7605265407747428,True,False
G1392,2.7765742639733193,0.4109061026987789,0.0001661775654404794,0.001553061359256817,True,True
G1393,0.3291360544607604,0.10906334228791396,0.6932142067348728,0.9367035533566056,True,False
G1394,-0.09859288505163252,0.07312293009370241,0.8840048853787421,0.9805962052558767,False,False
G1395,1.4994212038012977,-0.23163165877093947,0.07020661820155359,0.32931308849053803,False,False
G1396,1.5431244266461444,0.3857709146860804,0.004914549644045431,0.03535647225931965,True,False
G1397,1.9150872920062578,0.04501287821767172,0.1741464095540727,0.5681775189366157,True,False
G1398,2.186294838498184,-0.16734493427315977,0.04067226040682597,0.2237381489200889,False,False
G1399,2.1729203416511482,-0.10689020620748652,0.07129588467982911,0.33208732597599633,False,False
G1400,-0.13341005695137964,-0.010182383467028482,0.9869432112279016,0.9974002660959864,True,False
G1401,2.1100628493124023,0.04224841100705507,0.12344880542043166,0.47149447029438174,True,False
G1402,1.1543500490864873,-0.24160312643265705,0.1020076130886773,0.40944396629728347,False,False
G1403,1.078720235731884,-0.0005614099744087834,0.6362110872767452,0.9266069353094634,False,False
G1404,3.3007175321246205,0.12421843095194415,0.0032679149988593162,0.024387425364621764,True,False
G1405,0.2055485840264991,0.05233349693164686,0.9046917959312366,0.9819860474080795,True,False
G1406,0.5811490953104117,0.2213403729114619,0.24109300260608887,0.6614388558834237,True,False
G1407,-1.2488811209250372,-0.07437828250946332,0.3892351122490867,0.8160242611054784,True,False
G1408,-2.213161913791095,0.18782362558675375,0.030982929795966403,0.1760393738407182,False,False
G1409,0.2985473370213646,0.3211221193278897,0.08015750835491472,0.35746429474308566,True,False
G1410,0.43984723890800037,0.1040512822826268,0.6678059440194958,0.934899714366307,True,False
G1411,0.7163537824226648,0.14629411288664998,0.42010170499255295,0.8351922564464273,True,False
G1412,2.4921621042991413,0.7612730869687083,2.096417900619666e-11,1.2331870003645092e-09,True,True
G1413,-1.9813995635197061,-0.3302976815502548,0.006489857657213275,0.04602735927101613,True,False
G1414,0.38572738831756154,-0.10854233619105584,0.6736056520524923,0.9367035533566056,False,False
G1415,1.1337161247821332,0.16023861838969994,0.24510166350635965,0.6669433020581215,True,False
G1416,4.583005999760042,0.32867759590648343,1.3801252310528081e-06,2.0295959280188356e-05,True,True
G1417,-0.9388121111736352,0.04153060160112837,0.6206826108321142,0.9233833001142495,False,False
G1418,-0.8825516590343441,0.07883184237445376,0.5506618655112427,0.8971988790551045,False,False
G1419,-0.6859186290538104,0.18676114530578516,0.30942680238378917,0.742806776132167,False,False
G1420,-0.6316679409481306,-0.02326726183030289,0.8164157398676752,0.9659481971388197,True,False
G1421,1.6018790753626835,0.5543583308256484,3.0758474959688135e-05,0.0003343312495618276,True,False
G1422,-0.6787577177701,-0.006105015809857446,0.8324910194448728,0.9677201599165242,True,False
G1423,1.589946137155966,0.23413761995408497,0.058805630482949116,0.29256532578581645,True,False
G1424,-1.055937888846972,-0.09960512442568967,0.41595868201368613,0.8308313411808614,True,False
G1425,-1.86788048607592,-0.08403098306518611,0.14965936515092237,0.524200928724772,True,False
G1426,-0.2745865111559399,0.05604530449003519,0.8746702764117,0.9805962052558767,False,False
G1427,-0.5051313736589499,0.2473782175518801,0.19151409138700576,0.6014093146128499,False,False
G1428,0.6807969092713112,0.03451909204002803,0.7672420785562675,0.9588610916204697,True,False
G1429,-0.7435259632319006,-0.00868813502549246,0.7969976988711307,0.9631168121098382,True,False
G1430,4.418888725029839,0.3632900003831601,1.3959712705441111e-06,2.0379142635680454e-05,True,True
G1431,-0.8417542317675933,0.15343718554143637,0.35493869163273345,0.7918923453025756,False,False
G1432,0.7617056410867751,0.419522217808274,0.007040835661713166,0.049583349730374406,True,False
G1433,0.36841082031771644,-0.04150626369160825,0.8780891067778045,0.9805962052558767,False,False
G1434,0.12023000627405121,-0.046716430587153496,0.9388085154120508,0.9852851179192671,False,False
G1435,3.5195377269017603,0.6382984739504444,3.638975290153253e-09,9.212595671274058e-08,True,True
G1436,0.515646747712166,-0.1327848312603087,0.5392052353005221,0.894204370315957,False,False
G1437,0.7909594920941792,0.2282419313073728,0.18287413896575777,0.5851972446904249,True,False
G1438,0.01619127892056395,0.02593063592904436,0.9871724292295083,0.9974002660959864,True,False
G1439,0.20128577287055563,0.0015527846590980268,0.9852343139813446,0.9974002660959864,True,False
G1440,3.892870068489959,0.15034980584774227,0.00032644559148244725,0.0029277631523089436,True,False
G1441,-1.8993568428892966,-0.13770432882758793,0.094295369273127,0.3953684246252704,True,False
G1442,-0.3570548510498101,-0.10111858670360625,0.7100003038786513,0.9368069099118345,True,False
G1443,0.4447493085937924,0.001188112966617384,0.930919669768115,0.9849481638513282,True,False
G1444,-0.5836622422904015,-0.13114936817165795,0.518780220678589,0.8815296867945437,True,False
G1445,0.08611359151581095,0.29110815276582663,0.1482611000902494,0.5211286470659029,True,False
G1446,0.6818758094557962,0.03587796576391755,0.7633621247381529,0.9583956368338392,True,False
G1447,0.47489120208157376,0.17674131952754374,0.4020343419853357,0.8239776561273348,True,False
G1448,2.372569496917526,0.3908353290764779,0.0007752058043557517,0.006514334490384468,True,True
G1449,-1.2142043281193986,0.03179894310716393,0.4969760670198027,0.8752084715500316,False,False
G1450,1.364988652546261,0.6042440094060846,5.736954907012321e-06,6.996286471966246e-05,True,False
G1451,0.648277809584392,-0.056252705752301776,0.7253822898168472,0.941443594830431,False,False
G1452,0.20544410247407002,-0.2768865274123611,0.1663978259980449,0.5612068330456826,False,False
G1453,1.3429816418134952,0.06143631982730842,0.3728737954121449,0.8010178204342533,True,False
G1454,0.045914024341097814,-0.11671739064404665,0.7618240358763253,0.9583956368338392,False,False
G1455,-1.1524098381524344,0.1926350748136258,0.17725435669499082,0.5755011581006195,False,False
G1456,1.0686608364256418,-0.14029634710520894,0.31057903774000944,0.7439018868024178,False,False
G1457,-1.3292134626675118,0.01851814487189252,0.461802873720651,0.8603576656962356,False,False
G1458,3.833737325555294,0.6789536332861866,1.0858171547633138e-10,4.977713138365445e-09,True,True
G1459,2.2322012572262615,0.5382246254609075,1.4666577542326138e-05,0.00016572404002628403,True,True
G1460,0.7723585273276223,-0.061696542157989205,0.6515292250438848,0.9278936574248217,False,False
G1461,0.9064327359420589,-0.030700293129210927,0.6639792995407556,0.9338668066677295,False,False
G1462,-0.43127863702227814,0.022627752141381182,0.8970156791244198,0.9805962052558767,False,False
G1463,-0.7412095139034602,0.034507114641439754,0.7384442805424773,0.9499323837540168,False,False
G1464,-0.056175436773689656,0.0032789805926997395,0.99801265007725,0.9987076431638379,False,False
G1465,-0.5861080141421114,-0.005741959908615102,0.8726341744330351,0.9805962052558767,True,False
G1466,0.947569181377097,-0.33799735150532123,0.030937591278073023,0.1760393738407182,False,False
G1467,0.3731226494575931,0.20350625893805888,0.3413393587040904,0.7792709415287093,True,False
G1468,5.340553277189073,0.5709159374877638,2.6320282513268375e-11,1.5040161436153359e-09,True,True
G1469,2.613317221784751,-0.19334737287579476,0.01139081024670102,0.07493954109671724,False,False
G1470,-0.8743251207274315,-0.12963456601355425,0.4100803639849602,0.8305438252367496,True,False
G1471,-0.6094108796186972,-0.32418408729480586,0.057558594350771014,0.2890816743324871,True,False
G1472,0.4750947133918875,-0.44701355841090135,0.004804094302670619,0.034686601463325764,False,False
G1473,0.39824109368162125,-0.07354363248820472,0.7819831967532082,0.9622641288132145,False,False
G1474,-0.3525503252413565,0.24695910633588905,0.21795673317374975,0.6354423707689497,False,False
G1475,-1.7281131113191819,0.01961696955642035,0.2686204327250755,0.7048766374179642,False,False
G1476,2.5484071961879358,0.03006973029537966,0.05143248658250738,0.2654236069123379,True,False
G1477,0.07946282821943915,0.008623342857688607,0.9938711779525485,0.9974002660959864,True,False
G1478,-1.1791785346972479,0.08568219972710002,0.3954252055933707,0.8196218298915157,False,False
G1479,-2.4170302699229635,-0.008464460032182281,0.07759463055932275,0.34795798457095406,True,False
G1480,5.901767253783003,0.34861563199084106,1.0142929826400076e-09,3.219977722666691e-08,True,True
G1481,0.3262642126522217,-0.09062381043493141,0.7564092767820824,0.9580864810412696,False,False
G1482,-0.0015203508280884407,0.1011297012469231,0.828642988472777,0.9677201599165242,False,False
G1483,-1.049585606105525,-0.06126623158798977,0.5150539678412884,0.8809229743520527,True,False
G1484,-0.10974856672749667,-0.2883055824805577,0.15187097650991607,0.5300906684464785,True,False
G1485,-0.39727358089572173,0.0811942256402945,0.7591182971381478,0.9583956368338392,False,False
G1486,-2.5179966605279778,0.0330357834520448,0.05435288284633077,0.27873273254528597,False,False
G1487,4.337441652455395,0.7887599562536237,2.1144550116619187e-15,7.048183372206396e-13,True,True
G1488,0.43610549553152633,0.014961794226089765,0.9101269167511112,0.9832482725786913,True,False
G1489,-0.3514353560027813,0.0011561094690379367,0.9567049608461319,0.9903285742660182,False,False
G1490,-0.9795310936705371,-0.017053181882469397,0.6564166868839785,0.9301446533637544,True,False
G1491,-0.6158911581327682,-0.11973563256703576,0.5439788768303628,0.8948804715434024,True,False
G1492,2.4333318786606704,0.040323933586526646,0.06337643985703607,0.3106688228286082,True,False
G1493,0.39032593580299463,-0.0784235806691546,0.7703548717116101,0.9588610916204697,False,False
G1494,-1.3514400678398284,-0.1559352866766222,0.19255516205096604,0.6014093146128499,True,False
G1495,0.8892017445792139,-0.01634299581451073,0.7064333133432062,0.9367035533566056,False,False
G1496,0.4936641520003829,0.013434988699323238,0.8930490855030301,0.9805962052558767,True,False
G1497,0.5226432555238465,0.053592813087760344,0.7881575857037681,0.9622641288132145,True,False
G1498,2.3298358045337055,0.6634802505269333,3.491025917354134e-08,6.778691101658512e-07,True,True
G1499,-0.1790842030290186,0.3279143417497778,0.07853882697250686,0.35140414752799487,False,False
G1500,0.20743913965593816,-0.04130459329979736,0.9276212134016987,0.9849481638513282,False,False
G1501,-0.22058185372383368,0.20134356130440154,0.3864730354779646,0.8154922135352346,False,False
G1502,-1.4313976103261894,-6.985851403781131e-05,0.43883207222844445,0.8504497523807063,True,False
G1503,-1.0188986973626983,0.018053193188746628,0.6327137569237584,0.9266069353094634,False,False
G1504,-0.0009099787292455897,0.12102977934033227,0.7595148435002882,0.9583956368338392,False,False
G1505,1.4786147554367164,0.49270241720398156,0.00032984749537973845,0.002945066923033379,True,False
G1506,3.1158454682427035,0.5270381719681873,1.8636656665754418e-06,2.6434973993977896e-05,True,True
G1507,2.999713482008731,0.558758556342126,8.08253393822663e-07,1.2531060369343614e-05,True,True
G1508,3.548347135351077,0.33709664586349036,7.374152665101498e-05,0.0007448639055658079,True,True
G1509,0.1525304551497444,-0.14208160488927735,0.6323638679457315,0.9266069353094634,False,False
G1510,2.0613747539965517,0.6029622950029513,1.5170648126211224e-06,2.1828270685196004e-05,True,True
G1511,-0.3092944133268072,-0.005471525511676466,0.9609398110803287,0.9903285742660182,True,False
G1512,0.4247662117309042,0.11443830329775159,0.6380574002541584,0.9267355123517187,True,False
G1513,0.9357069096967155,-0.19393955851830816,0.22545314376880812,0.6414029694702934,False,False
G1514,2.4457377575688595,0.7310742278962588,2.864409916868271e-10,1.101696121872412e-08,True,True
G1515,-1.557172727269472,0.10408747321631504,0.21529163903327814,0.6313537801562409,False,False
G1516,1.5409206087253977,0.7923316914062101,9.573485880164304e-12,6.222507997256523e-10,True,False
G1517,0.5161443322735995,0.11287975983832021,0.6072742598157481,0.9186633847481861,True,False
G1518,-0.8037403557133588,0.047639173210167834,0.6740327525730292,0.9367035533566056,False,False
G1519,0.8291518815278442,-0.11852890141730153,0.46028565954116063,0.859543715296285,False,False
G1520,4.465782445011826,0.574973974461882,1.6118013284881482e-09,4.811347249218353e-08,True,True
G1521,1.539273085434473,-0.015547237159787218,0.359291820863619,0.7933522980838277,False,False
G1522,3.52683138128035,0.4538308593860786,4.8926720481389126e-06,6.115840060173641e-05,True,True
G1523,0.14639641437822276,-0.13992284844892044,0.642697324219524,0.9269542568075914,False,False
G1524,-0.6076119975535731,-0.03701188835973973,0.7943855393891078,0.9622641288132145,True,False
G1525,-0.538320935288909,0.09889173768263,0.6447712574096534,0.9269542568075914,False,False
G1526,0.2795440796748815,-0.24753265854287979,0.2286154340332087,0.6442587655307545,False,False
G1527,0.9081768781606356,-0.114834922743402,0.4381715003770671,0.8499932112067257,False,False
G1528,0.4214174837716746,-0.040200722167989325,0.8622612334456057,0.9798423107336428,False,False
G1529,-2.0584937480613217,-0.03202187244053262,0.14383547406394406,0.5142252381005543,True,False
G1530,0.4875863775563344,-0.07276182890487896,0.7483093195885058,0.9522536238495254,False,False
G1531,-0.009448172314267237,0.026812460486247525,0.9871332918033477,0.9974002660959864,False,False
G1532,-0.6104285155808514,0.009318559992215262,0.8555947942170667,0.9785022197076156,False,False
G1533,0.12874697276882796,-0.3173132172243491,0.0968845972980975,0.3995241125694742,False,False
G1534,4.782737822999548,0.6376149667634399,1.8629688604846108e-11,1.1290720366573399e-09,True,True
G1535,0.1277515611224647,-0.21563505471398223,0.3572726041589643,0.7929421344346459,False,False
G1536,-0.7462140738221359,0.1729597558589533,0.3308991280334622,0.7683324794005562,False,False
G1537,3.367175675918676,0.1139566795104577,0.0028938288809879473,0.021840217969720355,True,False
G1538,-0.6540142243457878,-0.2665384291746574,0.13096628162087148,0.48719295387721157,True,False
G1539,0.45171719818369627,0.013945194703464526,0.9067768157256031,0.9819860474080795,True,False
G1540,1.25445392370597,0.20248151423534383,0.14024201369634867,0.5041494336938545,True,False
G1541,-0.8869751787671639,0.20640923360864943,0.20953731752563404,0.6217724555656796,False,False
G1542,0.5372177914195888,0.02564167554179049,0.8510190650839631,0.9776209822905951,True,False
G1543,-0.8746046089602948,-0.11769975206352726,0.4439615050670024,0.8545938499846052,True,False
G1544,-0.28630919250969405,0.17983913038540777,0.44678476960494395,0.8558326903137617,False,False
G1545,-0.7842767122578913,-0.22707376041702257,0.18658370568312482,0.5913905092967506,True,False
G1546,1.7579078868335634,-0.2256273952159753,0.04897057914304116,0.25522192178195474,False,False
G1547,-1.4074671964094054,0.114860707323323,0.24674526315594228,0.667781497039086,False,False
G1548,0.5016994733484709,-0.18367053829384508,0.3712856458720779,0.8010178204342533,False,False
G1549,0.017268087626735498,0.08146200931678764,0.8835930110064457,0.9805962052558767,True,False
G1550,1.9186191426947956,0.42718747788652167,0.0009030127432371392,0.007493881686615263,True,False
G1551,1.7299645394450287,-0.09613646547130049,0.17398014452619923,0.5681775189366157,False,False
G1552,-0.5935638582575804,0.17309308170731094,0.37758196359775603,0.8062489685729683,False,False
G1553,3.439519885124973,0.5167436442913269,9.105258964469208e-07,1.390115872438047e-05,True,True
G1554,0.19911086895915014,0.09523897413043776,0.786623274360789,0.9622641288132145,True,False
G1555,-0.9348187071873325,-0.029358411361377585,0.6522059332618192,0.9278936574248217,True,False
G1556,-0.8021224609871827,-0.0693992218915402,0.6156280189919343,0.9229805382187921,True,False
G1557,-0.05756817638040704,-0.10475340831795849,0.8002100879249907,0.963904496562504,True,False
G1558,-0.907588291954666,-0.13962043168583407,0.3697536971634998,0.799467453326486,True,False
G1559,0.07870465202972188,0.059061953431562945,0.9233612799679299,0.9849481638513282,True,False
G1560,1.257558456370389,0.06689358436261753,0.40122281527351494,0.8239776561273348,True,False
G1561,-1.0438128253285641,0.24925972537953747,0.1066125567209435,0.4180884577291902,False,False
G1562,-1.6179945918262335,0.04241406240605369,0.2842323526984587,0.7201078676544403,False,False
G1563,-0.15432639039557172,-0.039644587213988315,0.9439793734957398,0.9854892801428295,True,False
G1564,0.3838168421763128,0.07457737001943694,0.7844886343357004,0.9622641288132145,True,False
G1565,0.654613073757591,0.2161079097297024,0.2385764832726107,0.6599626093294901,True,False
G1566,-1.1265170705351706,-0.21652608969123646,0.14216465578022236,0.509550737563521,True,False
G1567,-2.396255687566901,0.24991308160705047,0.009439524963621711,0.06420812372115867,False,False
G1568,0.8645756006400647,-0.12231882614903551,0.43481681881830037,0.8491582229111572,False,False
G1569,0.6965812975369539,-0.12114398274592857,0.5066504983062025,0.8775136268729397,False,False
G1570,6.036321685733831,0.9492334596291028,1.1627865303145537e-33,2.3255730606291075e-30,True,True
G1571,-0.994089344773512,0.16375402317464555,0.2789694561951237,0.7153062979362147,False,False
G1572,0.5456759604143749,-0.08189321868825052,0.6958651045189175,0.9367035533566056,False,False
G1573,0.9931253842888202,0.12871807730990403,0.3668206753639121,0.7991618232383174,True,False
G1574,-0.14428966749623862,0.8516580291406469,3.8400231856848436e-14,6.400038642808072e-12,False,False
G1575,1.0417444964888425,0.10298533376885259,0.4134859398145282,0.8305438252367496,True,False
G1576,1.418277114423769,0.16473901092505208,0.16214655210529663,0.5515188847118933,True,False
G1577,0.5624173587340787,0.05411366273267347,0.7697215645927122,0.9588610916204697,True,False
G1578,0.5207649205396166,0.07792697439008207,0.7187277927505922,0.9388997945794803,True,False
G1579,0.7245825020768353,-0.1713306969389333,0.34223382191875285,0.7792709415287093,False,False
G1580,-0.28415629039012225,-0.15434272712648506,0.5426809076281774,0.8948804715434024,True,False
G1581,-1.4695310914254118,0.02868619994382463,0.3723517971711016,0.8010178204342533,False,False
G1582,2.3010424410005355,0.177177626139318,0.028646294240589384,0.1660654738584892,True,False
G1583,-0.20153860922319075,0.10078402484332129,0.7673672423637128,0.9588610916204697,False,False
G1584,-0.8762458952498302,-0.012492348411390526,0.7218403621966342,0.9410372794194489,True,False
G1585,1.0086262172394922,0.17738724321258023,0.24335464081050276,0.6639962914338411,True,False
G1586,-0.4336608426471061,0.1340915354320133,0.5652433447468574,0.9036664184602038,False,False
G1587,-0.13624698995270512,-0.061531581660168796,0.9027360034028293,0.9814673895727054,True,False
G1588,-1.8026957619394515,-0.4040407981399066,0.002008373000347685,0.015568782948431665,True,False
G1589,0.37530971652778994,-0.21700632533950634,0.2982212160044673,0.7381713267437311,False,False
G1590,-0.7310568458240987,8.809204311427706e-05,0.8206868804421558,0.9677201599165242,False,False
G1591,1.4938332401590815,0.3072349149580251,0.023932590985585426,0.14460780051713248,True,False
G1592,-1.7538613479996803,0.002601338642502763,0.27773117259472335,0.713794515390632,False,False
G1593,0.3026301990827223,0.08776041139916692,0.774331958587203,0.9595191556223086,True,False
G1594,-0.43056901513300244,-0.003225338324053567,0.9320207949941857,0.9852228276894139,True,False
G1595,-0.38741533760090596,-0.3996463788225226,0.016441999722752426,0.10406328938450904,True,False
G1596,4.939831218404849,0.5599920862373546,3.235770724510739e-10,1.2210455564191468e-08,True,True
G1597,3.7692604121965103,0.6590743642428515,4.562689481406756e-10,1.6591598114206387e-08,True,True
G1598,-0.8782327774071013,-0.22551863194194666,0.17196190778565287,0.5665960717813933,True,False
G1599,4.426398724525837,0.5684783294209776,2.5276419536945083e-09,6.875462273420932e-08,True,True
G1600,2.7446467556154395,0.38348966904948417,0.0003461187004013436,0.0030629973486844568,True,True
G1601,0.7760879851924982,0.44254636780579654,0.003888697830783501,0.028698876979952038,True,False
G1602,-1.7660074675087036,-0.3331462381266132,0.009427637074933052,0.06420812372115867,True,False
G1603,-0.3468388641621085,-0.12045448855289628,0.6462968865419078,0.9278936574248217,True,False
G1604,2.4082205526204032,0.4209157276929638,0.000345279709498561,0.0030629973486844568,True,True
G1605,-0.35329997208191627,-0.0574714836576828,0.844034102739956,0.9751982700634964,True,False
G1606,-1.6183967096937624,0.0976792333623645,0.2052244473864177,0.6153656593295883,False,False
G1607,-1.9252554107839708,0.13357866053096576,0.09313256350223438,0.39296440296301427,False,False
G1608,-0.039715864675356045,0.07208498501299876,0.9024561294702753,0.9814673895727054,False,False
G1609,5.649621810319004,0.39198696346478396,1.5940791144677269e-09,4.811347249218353e-08,True,True
G1610,0.011670015280174513,-0.10406225796327255,0.8160689965064502,0.9659481971388197,False,False
G1611,-0.36423896126387356,0.027505339357897167,0.9094492799021373,0.9831884107050133,False,False
G1612,-1.5330492077567413,0.13435280392282942,0.1779242226845188,0.5758065459045916,False,False
G1613,-0.2921390389728327,0.018368854937049345,0.9463948542380768,0.9862780583540869,False,False
G1614,-0.5803162505684814,-0.31468179164786886,0.06930130370400545,0.3284421976493149,True,False
G1615,4.285506259145806,0.7349915025150251,3.337928405032896e-13,3.337928405032896e-11,True,True
G1616,0.15638437380965048,-0.07408049316820717,0.8645344905451247,0.9805612268786049,False,False
G1617,0.1518495226489455,0.13251554057823683,0.6694144217499882,0.9355896879804169,True,False
G1618,0.3810009012421124,-0.07427709634509519,0.786467186032959,0.9622641288132145,False,False
G1619,-0.2781919714245041,0.16274256614445823,0.5128807089567703,0.8802285723396205,False,False
G1620,1.7439765911694871,0.4741182981814345,0.00035481723697318907,0.003126143057032503,True,False
G1621,-0.2192467141207533,0.2244349842487834,0.3082994949194098,0.742806776132167,False,False
G1622,3.759067896605589,0.7273020885083008,5.273886930880493e-12,3.906582911763328e-10,True,True
G1623,-1.6664144249353043,-0.0960972806052917,0.1926021665732879,0.6014093146128499,True,False
G1624,-0.37158074161231297,-0.4371488684467887,0.006843185437016252,0.04836173453721733,True,False
G1625,-1.6865775321372656,0.05266311838715015,0.2431312069975891,0.6639962914338411,False,False
G1626,-1.999229854768589,-0.14762865192272595,0.0716438737439704,0.33208732597599633,True,False
G1627,-0.8481580288314573,0.14798941712495528,0.3679515391723494,0.7991618232383174,False,False
G1628,-0.6680758687000837,0.05734471250608415,0.7131987216110132,0.9368069099118345,False,False
G1629,0.6727899956914386,-0.05529621579532489,0.7166615787138477,0.9384955488152388,False,False
G1630,-0.33426277224803824,-0.14162479692103372,0.5734273999106905,0.90560923830615,True,False
G1631,0.5054874814930336,-0.12688027461427942,0.5635008780228472,0.9036664184602038,False,False
G1632,1.419899565907573,0.2209723577509842,0.09017288057306137,0.3870080711290188,True,False
G1633,0.09554424545117013,0.14536554511330502,0.6373337576204066,0.9266069353094634,True,False
G1634,0.35544144104903597,-0.03174035748536838,0.9037098973841589,0.9817598016123398,False,False
G1635,-0.716751361062067,0.04924351806523807,0.7122830624712547,0.9368069099118345,False,False
G1636,0.7969886467260947,0.13873760697519058,0.4132376432652466,0.8305438252367496,True,False
G1637,0.03347103033926758,-0.026966024710194467,0.9840536043162261,0.9974002660959864,False,False
G1638,0.04034245958048589,-0.2703177855131752,0.20250896313199074,0.6127174249972303,False,False
G1639,-1.1536834671488,0.25009363726135725,0.09166390543041233,0.3900382474614613,False,False
G1640,-0.9617792675658289,-0.04761242229931524,0.5936734092267447,0.9132727613835102,True,False
G1641,-0.6989669425829043,-0.0911238700217072,0.5996874044282736,0.9155532892034711,True,False
G1642,0.07851362643235875,0.005046493976975405,0.9959041656968425,0.9974002660959864,True,False
G1643,1.0656786189418253,-0.14251826350717578,0.3063339573870276,0.742806776132167,False,False
G1644,-1.5410362709110013,-0.16173835779698478,0.13893951508739805,0.5032595639503232,True,False
G1645,-0.39187505153313085,0.034593801596265704,0.8855275714959496,0.9805962052558767,False,False
G1646,-0.33606720977230026,-0.10531405924117308,0.703615344362089,0.9367035533566056,True,False
G1647,2.2518571073023397,0.06546128383629814,0.08086777691633844,0.35885239266728824,True,False
G1648,-0.2270071522742402,0.06196826412624977,0.8749195756319781,0.9805962052558767,False,False
G1649,-0.5645587061854452,0.2984958354204093,0.09066375166807733,0.3882815917262412,False,False
G1650,0.717987720938686,-0.03841709053231721,0.7398544974489073,0.9499323837540168,False,False
G1651,-1.137744913715896,0.015386073267773125,0.5727409156634891,0.90560923830615,False,False
G1652,0.5133539386749867,-0.07951037434252635,0.7170105992948425,0.9384955488152388,False,False
G1653,-1.7040708259489323,0.18105427583526598,0.08862876685789577,0.3825242466809542,False,False
G1654,5.898986697941686,0.6480192679359065,2.7048250443529785e-14,5.4096500887059576e-12,True,True
G1655,-0.07431293010983485,0.0598488270993606,0.9227010503182769,0.9849481638513282,False,False
G1656,-0.45713928762675776,0.2862365559377136,0.11975517723537647,0.46059683552067876,False,False
G1657,-1.3440400134656036,0.04590029887333815,0.402513085018203,0.8239776561273348,False,False
G1658,-0.1807079809921228,0.0432791631218541,0.9306780831288708,0.9849481638513282,False,False
G1659,0.05367945156977096,-0.19414784225490073,0.4544266198425958,0.8586965907075501,False,False
G1660,-0.760182174144358,-0.2594652285340245,0.12910642836713415,0.48719295387721157,True,False
G1661,1.163418374818797,-0.07434750977448744,0.4286441986917372,0.8431240387079072,False,False
G1662,-0.3577617187312172,0.017913348896804977,0.9292529709843209,0.9849481638513282,False,False
G1663,0.06501429418641291,-0.16129569571998484,0.5827646188251523,0.9082020868828061,False,False
G1664,0.2562557567983703,-0.14069129086174542,0.6036387777958983,0.9180773394233275,False,False
G1665,4.64050556822423,0.5981768072561455,2.586959609348745e-10,1.0144939644504883e-08,True,True
G1666,2.484254047559115,0.49609394109051663,3.33045058009462e-05,0.00035343598819725046,True,True
G1667,0.04330556092032652,-0.0848164350639788,0.8670917086729235,0.9805962052558767,False,False
G1668,0.26763208527755217,-0.04821936500119501,0.895571500587017,0.9805962052558767,False,False
G1669,0.5879458705872601,-0.16122982446248277,0.4174029425126604,0.8314799651646622,False,False
G1670,-1.8606131005109856,0.13254476401623935,0.10562891100977635,0.4170836656971292,False,False
G1671,1.1262297246967727,0.21796569463528162,0.13994258686623387,0.5041494336938545,True,False
G1672,-0.14563675052480482,0.15941283397110967,0.5665258211612904,0.9042710633061298,False,False
G1673,-0.7452907388543099,0.23428427646612232,0.17872940692876568,0.5765464739637602,False,False
G1674,-0.052803016366040095,-0.2927088749973241,0.1480801520646714,0.5211286470659029,True,False
G1675,-1.944302772619847,0.13949488368596244,0.08545835055386576,0.3739971577849705,False,False
G1676,2.7955917793866525,0.5918274520001453,3.709552885564111e-07,5.983149815425985e-06,True,True
G1677,0.16719042458462838,0.2107324860172474,0.3658180449865445,0.7991618232383174,True,False
G1678,1.3393584387490625,-0.09308895977469472,0.3122628035493342,0.7465371888589625,False,False
G1679,-0.10187486981730812,0.12646086463481804,0.7084229286230894,0.9367035533566056,False,False
G1680,0.37725551701903576,0.27219465581394964,0.15550493052184908,0.5387803317032068,True,False
G1681,-0.3126001210109207,0.09754672298447527,0.7387274291846155,0.9499323837540168,False,False
G1682,0.8441173886255863,0.02589377916387235,0.7078420194483737,0.9367035533566056,True,False
G1683,-0.4169602235637112,-0.017507175160717096,0.9116999333303394,0.9840258319809383,True,False
G1684,0.44372478048502406,0.08636358357770309,0.724373697665806,0.9413563322492605,True,False
G1685,-0.3516913130735825,-0.020691887972514412,0.9261287596558188,0.9849481638513282,True,False
G1686,-0.9844778526689465,-0.16692311823794406,0.2743362729087276,0.7088792581620869,True,False
G1687,-1.009696757597829,0.10193346342842363,0.42999325974103264,0.8431240387079072,False,False
G1688,-0.661084693610224,0.25863173807481205,0.14424017928720548,0.5142252381005543,False,False
G1689,1.14508661231865,0.0688037883724696,0.4501679951050387,0.8558326903137617,True,False
G1690,6.41346429335899,0.5289433370766521,2.6414114486863417e-13,2.9349016096514905e-11,True,True
G1691,2.338491445590277,0.5911490901150979,1.3282124103417202e-06,1.967722089395141e-05,True,True
G1692,-0.7518957435991875,0.016627726210555988,0.7755595081554765,0.9599698323098311,False,False
G1693,0.5191575014862806,0.0005793428095200345,0.9073551078050655,0.9819860474080795,True,False
G1694,0.4764954228685337,-0.11052426778026815,0.6311919662652619,0.9266069353094634,False,False
G1695,3.4033229318127955,0.5891787762427055,5.952180885353847e-08,1.0822147064279723e-06,True,True
G1696,1.9106772468401059,0.0864294016202291,0.13658747523819567,0.500524244115953,True,False
G1697,0.8662866176826345,-0.12981541666754848,0.4126916365152786,0.8305438252367496,False,False
G1698,4.184456434669769,0.3467646125390044,5.3584746191665444e-06,6.574815483639933e-05,True,True
G1699,0.05736359128253929,0.16939408671401496,0.5522259100584168,0.8971988790551045,True,False
G1700,0.12433619670113893,-0.08840679560410328,0.8325811414520152,0.9677201599165242,False,False
G1701,0.9690893873276808,0.12235800668705542,0.3928721622877547,0.8176319714625487,True,False
G1702,-1.398281580870871,0.06702043995340885,0.33755730226197694,0.776034220774707,False,False
G1703,-0.8102990613264937,-0.035085794346105405,0.702769153495388,0.9367035533566056,True,False
G1704,0.08546798405284294,0.1451383930599624,0.6413118223991376,0.9269542568075914,True,False
G1705,2.711055595978652,0.7082360878744764,7.258255364097856e-10,2.4604255471518153e-08,True,True
G1706,1.6427064321243585,0.002640667020353802,0.3278463345961146,0.7633209187336778,True,False
G1707,-0.6251133444301982,0.026164981165476223,0.8126591008483623,0.9659481971388197,False,False
G1708,-0.4308487477069148,0.07045055459569305,0.7782809275954299,0.9620283406618416,False,False
G1709,0.32373920501480397,0.08603932334790951,0.7720078085745437,0.9595191556223086,True,False
G1710,1.5087488433376894,0.07706995875001445,0.27473646902246524,0.7089973394128136,True,False
G1711,-0.04317523491465533,0.11814191752483114,0.7574873564370174,0.9583956368338392,False,False
G1712,-0.7684575662807205,-0.06310675572650268,0.6494912168749951,0.9278936574248217,True,False
G1713,0.8696794164526817,0.669243256615718,4.1719614489354347e-07,6.6751383182966954e-06,True,False
G1714,0.23260661812454503,-0.0034650556786314144,0.9785581721351239,0.9970291007045761,False,False
G1715,-0.5800704273562446,-0.014920122365497574,0.8566749812190221,0.9785022197076156,True,False
G1716,2.374789351146008,0.2078821973286998,0.01714229950336457,0.10713937189602855,True,False
G1717,1.2591630062276993,0.16197565332513594,0.2065092951699107,0.616445657223614,True,False
G1718,-0.8595201838803348,0.16681248757998351,0.31276844102959644,0.7465371888589625,False,False
G1719,-0.9297727487588736,0.011316493319849427,0.6959903010955097,0.9367035533566056,False,False
G1720,0.35324575953954795,0.1269462418876518,0.6205202933847092,0.9233833001142495,True,False
G1721,2.3264694151629883,0.6040254766316034,7.64163913074498e-07,1.2034077371251938e-05,True,True
G1722,-2.0194023271865666,-0.23865535445604713,0.025204540435901333,0.14958184234956282,True,False
G1723,-0.4429605971261629,-0.09369966356614447,0.7010197839765582,0.9367035533566056,True,False
G1724,1.2051810140487278,-0.10419582601353483,0.3426849552419184,0.7792709415287093,False,False
G1725,-0.6935083524506663,0.1060224050316726,0.5557554237131088,0.8992985661952841,False,False
G1726,0.07139916289751198,0.14212143343192044,0.6575031541064194,0.9306484842270621,True,False
G1727,-0.5004885644167639,0.06619884332277216,0.762215813826961,0.9583956368338392,False,False
G1728,0.6715596563815204,0.006788133223851095,0.834313289304662,0.9678808460610928,True,False
G1729,1.5625802983644441,0.6199371412418831,1.91482138945036e-06,2.678071873357147e-05,True,False
G1730,0.022975423858837263,0.17272818900394526,0.548106375581422,0.8971988790551045,True,False
G1731,-1.4551249238510113,-0.3184191054376749,0.021115649423412455,0.12885113590540767,True,False
G1732,0.9770990898670422,0.09335843245273731,0.46707081860692756,0.864145825359718,True,False
G1733,0.6052796107991673,0.10222289641377978,0.6056430633640844,0.9183367147294683,True,False
G1734,-0.03642939285648437,0.057909501408515265,0.9357150437319458,0.9852851179192671,False,False
G1735,0.036985070580200854,0.011022609333118426,0.9958699765981338,0.9974002660959864,True,False
G1736,0.027372655884589335,0.03305742531931762,0.9781142374328589,0.9970291007045761,True,False
G1737,-0.36933532275984704,0.11187397503367437,0.6682786630063869,0.934899714366307,False,False
G1738,0.1570098593057491,-0.08784001073899536,0.8240474402187827,0.9677201599165242,False,False
G1739,0.3668724448054508,0.12130153483521025,0.6358293864316638,0.9266069353094634,True,False
G1740,-0.06880185319344564,0.011824556983214692,0.99280669923737,0.9974002660959864,False,False
G1741,-0.5945487905119723,0.025637612446943455,0.827186870413243,0.9677201599165242,False,False
G1742,-0.40655781094421756,-0.3879864808486297,0.02081833334641787,0.12771983648109125,True,False
G1743,-0.4585208845100633,-0.1889672648381105,0.36630070103219486,0.7991618232383174,True,False
G1744,0.4541729808430974,-0.023049268669329832,0.8881413171276179,0.9805962052558767,False,False
G1745,0.1544960276534091,-0.08881935644323972,0.8218158113411677,0.9677201599165242,False,False
G1746,1.972982328576175,0.14639857280690205,0.07617316865233838,0.34636616005855414,True,False
G1747,-0.17323772189473802,-0.21363052532839574,0.3543191221475256,0.7918923453025756,True,False
G1748,0.07544056103987735,0.19067542984142552,0.4625932871093853,0.8603576656962356,True,False
G1749,-0.6292334657850761,0.13061003366544494,0.5029130646787097,0.8753926278132457,False,False
G1750,0.10119833935439998,0.04231940773310779,0.9511098830662402,0.9866285094048135,True,False
G1751,-0.4446726410852604,-0.06395352309098484,0.7915024144849828,0.9622641288132145,True,False
G1752,-0.8591442095502415,-0.16551636799279876,0.31632520132157255,0.7513662739229752,True,False
G1753,0.16155661595838688,-0.17288076388748996,0.508957903586305,0.8775136268729397,False,False
G1754,1.5912851374227561,-0.09881185808514778,0.21217949810565373,0.6268227418187702,False,False
G1755,-0.8653814004446974,0.006998057198965909,0.7394989843481243,0.9499323837540168,False,False
G1756,-0.6513618809141963,0.10907657295028836,0.5639902773858756,0.9036664184602038,False,False
G1757,-0.03965807249170844,0.11515655728379093,0.769336395696888,0.9588610916204697,False,False
G1758,0.25337665294144174,0.1705507738990156,0.4910135764680932,0.8728019750064461,True,False
G1759,1.3000245704701725,0.16250124631932422,0.19480551902902674,0.6014093146128499,True,False
G1760,-0.6484642729448624,-0.09545024045102832,0.6086144923956733,0.9186633847481861,True,False
G1761,1.794391794794709,0.31270979702568147,0.01283477009096919,0.08361413740045075,True,False
G1762,-0.7985156968226911,0.16953746289552823,0.3243645696404278,0.7605265407747428,False,False
G1763,-0.8801723879636767,-0.11204624782605142,0.45778737163019834,0.8589960493312621,True,False
G1764,-0.47949664086222177,0.16182801782309045,0.45135347244768753,0.8565097576062738,False,False
G1765,-1.1239412615545878,0.01683667371602438,0.5773738296459212,0.90560923830615,False,False
G1766,0.4367652916497718,-0.19749979784297358,0.3445416144778128,0.7812735022172625,False,False
G1767,4.667586780135757,0.5677855189469909,8.670909593757483e-10,2.7970676108895107e-08,True,True
G1768,-0.5303614730103106,0.042854195441053476,0.8129724422711022,0.9659481971388197,False,False
G1769,-0.7183581428312412,-0.11161292074174929,0.527630552441722,0.8867740377171798,True,False
G1770,1.3060057024910299,-0.3496587673892885,0.015158860170181108,0.09686172632703584,False,False
G1771,-0.23358682196133593,0.05121852592059272,0.8990263317591294,0.9813269197031894,False,False
G1772,1.4654103395484621,0.07576825649778,0.29391327748198,0.7311275559253234,True,False
G1773,-2.9158471767442533,0.1328877577453683,0.009493468917575838,0.06420812372115867,False,False
G1774,-0.1878542132925017,0.07269801006580044,0.8586356977934327,0.9785022197076156,False,False
G1775,-1.0407982763017056,-0.09754901520244243,0.42777473983775216,0.8431240387079072,True,False
G1776,3.4903398975202076,0.1810319590262337,0.0009841912254357759,0.008133811780460957,True,False
G1777,0.7821492445896194,-0.009861350471968492,0.7756556245063435,0.9599698323098311,False,False
G1778,1.0567251450533361,0.15441031673323233,0.2814328827327947,0.7179410273795783,True,False
G1779,-0.19889882849334944,-0.005252123103764638,0.9822321709437424,0.9974002660959864,True,False
G1780,0.9109105086662138,-0.17348195010668704,0.28016501005804134,0.7164997374952498,False,False
G1781,2.007598148901647,0.3115325497396741,0.008578538899058574,0.059162337234886724,True,False
G1782,0.24521831134623717,-0.38510759029276925,0.025433166532885423,0.15049210966204393,False,False
G1783,-0.18094633456800258,0.037868893428590934,0.9408589874940435,0.9852851179192671,False,False
G1784,-1.7273207373830306,0.07682006108804457,0.19823358496079374,0.6068350641274322,False,False
G1785,0.8756571088851453,-0.3154528204706839,0.049807613795955184,0.25874085088807885,False,False
G1786,-0.6985872361849161,-0.08244899398489985,0.6262183434226378,0.9263584961873341,True,False
G1787,0.40647735092355697,0.2214850032141798,0.2780229637446512,0.713794515390632,True,False
G1788,3.1513832534750432,0.1713601995517921,0.0032526138125314012,0.024364148408474916,True,False
G1789,0.14960590639978272,0.2327254885871744,0.2953627912892808,0.7338205994764739,True,False
G1790,0.5882291653336147,0.1834063291053839,0.3471035064900326,0.7843186959918723,True,False
G1791,-0.027569516140319286,0.13854859006327258,0.684751286371598,0.9367035533566056,False,False
G1792,-0.5016836456188015,0.08442322057053638,0.7066383591646499,0.9367035533566056,False,False
G1793,0.5813329173470247,0.08586688950099697,0.6680674635356789,0.934899714366307,True,False
G1794,0.18842930202649388,0.10584288169412054,0.7545397829201387,0.9569306061130485,True,False
G1795,-0.4427335967553158,0.25782240416324353,0.17754959294112582,0.5755254228237465,False,False
G1796,0.02184369578007283,-0.15561866656593748,0.6181283018473234,0.9233833001142495,False,False
G1797,-0.1028862755888623,-0.2544578277684998,0.23735680692518982,0.6584100053403324,True,False
G1798,-0.36117119320903857,-0.28697828708666906,0.1284726014928806,0.48719295387721157,True,False
G1799,3.2455609522901048,0.5345625182343846,9.292719174382683e-07,1.407987753694346e-05,True,True
G1800,1.7188943901183174,0.1640057705541345,0.10215626959117222,0.40944396629728347,True,False
G1801,-0.5295463016429527,-0.09742521513424922,0.6532371348270745,0.9278936574248217,True,False
G1802,-0.1364311044409442,0.07437881909284184,0.8697055496032342,0.9805962052558767,False,False
G1803,-0.9573842539496352,0.04274866764312385,0.6080012135048196,0.9186633847481861,False,False
G1804,-1.348172148012381,0.18560685542251712,0.1467238612142329,0.5184588735485262,False,False
G1805,2.951878137655159,0.6632669855393631,6.121354442312456e-09,1.4509135667624514e-07,True,True
G1806,-0.6874626763759267,0.07397476609654928,0.6565615952789265,0.9301446533637544,False,False
G1807,0.3232189470449043,-0.08914089469090554,0.7623236990126014,0.9583956368338392,False,False
G1808,-1.3707910684623739,-0.04637831267454701,0.38869594673596025,0.8160242611054784,True,False
G1809,-0.6546378917657801,0.1440835557369526,0.449531565684827,0.8558326903137617,False,False
G1810,4.860162638981713,0.5081650211131601,3.336279120102032e-09,8.554561846415467e-08,True,True
G1811,0.45853153066416796,0.20780688410978398,0.30692794581802846,0.742806776132167,True,False
G1812,0.2180948190715539,-0.08358699316109157,0.8170635010719727,0.9659481971388197,False,False
G1813,4.418870174080713,0.652853315241696,4.3678668850843075e-11,2.4265927139357265e-09,True,True
G1814,0.2010834812074048,-0.017497540189161033,0.9680931143430329,0.9936600269667198,False,False
G1815,0.9865942815011643,0.07288063274041419,0.5166729833779018,0.8809428531592528,True,False
G1816,1.6821156788499523,-0.24745409758801556,0.04233475544905836,0.22945666910058735,False,False
G1817,0.5474731990906281,0.11262158013591846,0.5954538404220486,0.9132727613835102,True,False
G1818,-0.12786443063490668,-0.12539469652500188,0.7041094602351954,0.9367035533566056,True,False
G1819,-1.0435920523714515,0.18727686309109165,0.21307006300691564,0.6285252596074208,False,False
G1820,-0.5023990096092437,0.13848483610266704,0.5243984481149613,0.886008019421919,False,False
G1821,-0.34021310165069857,-0.0847425179684239,0.7699386572649829,0.9588610916204697,True,False
G1822,5.191632503739012,0.7787694232802385,9.254291546364815e-17,3.7017166185459263e-14,True,True
G1823,-1.5640346860424703,0.236792729493426,0.059343757593376734,0.29450996324256445,False,False
G1824,-0.8133104321681563,0.27168256858436307,0.1035713931066118,0.41099759169290395,False,False
G1825,-1.0476639038320836,0.1962145231473658,0.19416166882935998,0.6014093146128499,False,False
G1826,0.8480357292375188,-0.041851082900897875,0.666662049439422,0.934899714366307,False,False
G1827,2.0030786491052375,0.7213043255279148,1.7807113151828945e-09,5.161482072993897e-08,True,True
G1828,-1.8545121559390043,-0.17324333898546992,0.07361681593539107,0.3384681192431773,True,False
G1829,1.9796533411034964,0.4355148820167025,0.0006407190984637376,0.005452928497563724,True,False
G1830,0.28585600719871485,0.063796819189007,0.850848393667322,0.9776209822905951,True,False
G1831,-1.6563032570391742,-0.22686106601445344,0.05758185994607285,0.2890816743324871,True,False
G1832,1.074187897391951,0.19325381408394987,0.1938273915695731,0.6014093146128499,True,False
G1833,1.0358659715779588,0.10699911842717612,0.40572416848307297,0.8280085071083122,True,False
G1834,-1.1621275288215804,-0.005706574729042787,0.5786843032776299,0.90560923830615,True,False
G1835,-0.3694086318924284,-0.30571966967930275,0.0966319243505813,0.3993054725230632,True,False
G1836,-0.010307001986801885,-0.08621768389109738,0.8720545518067477,0.9805962052558767,True,False
G1837,-1.5266227707311004,0.13367837833009377,0.18061015692812768,0.5798078874097197,False,False
G1838,-1.2692524953530564,0.11057667420129437,0.30412062699973835,0.742806776132167,False,False
G1839,-0.6705276508482002,-0.12118022762381098,0.5171240866263259,0.8809609652918671,True,False
G1840,-0.07575203105552344,-0.18062209786422714,0.5021668508999249,0.8753926278132457,True,False
G1841,3.885055287767666,0.4254595579820631,2.8246101480086236e-06,3.741205494051157e-05,True,True
G1842,3.7139811186482996,0.37726765606551993,1.742207489962332e-05,0.00019575365055756543,True,True
G1843,0.19732259989996556,-0.2297067734515101,0.2958353022899753,0.7340826359552737,False,False
G1844,-0.15846342005387873,0.2285894272945919,0.30701625911725783,0.742806776132167,False,False
G1845,-0.3090628999977469,0.01294928520932174,0.9504883554086898,0.9866285094048135,False,False
G1846,-0.5055023055804091,0.0666804763321544,0.7587173741699976,0.9583956368338392,False,False
G1847,0.9824252191634423,-0.025265827150048693,0.6363060700144665,0.9266069353094634,False,False
G1848,1.5164064101886312,0.15464437131201014,0.15373136192778863,0.533789451138155,True,False
G1849,-0.5036109259810866,0.15605829160582027,0.4631377252663914,0.8603576656962356,False,False
G1850,0.210639180256309,0.49683303858122624,0.0014653754639100665,0.011723003711280532,True,False
G1851,-1.6338677244111137,-0.053344323505744605,0.2623308125190226,0.6930800859155155,True,False
G1852,-0.4496890458565038,-0.049108669032543566,0.8296098467589519,0.9677201599165242,True,False
G1853,0.6405523435149847,0.14561219083956944,0.4497461429905252,0.8558326903137617,True,False
G1854,-0.14756319293054046,0.031247727626743056,0.9594393533671287,0.9903285742660182,False,False
G1855,0.3110162731910689,-0.16718401134283542,0.48606556918734944,0.8723411708369339,False,False
G1856,-0.15408675351538254,0.20986685065145622,0.3718600822541908,0.8010178204342533,False,False
G1857,0.05626107371912116,0.014905966885123245,0.9918868355595943,0.9974002660959864,True,False
G1858,0.6264024809894813,0.08530119729577691,0.6500207888053361,0.9278936574248217,True,False
G1859,0.7278585579985631,0.22400096160512123,0.20433149147596644,0.6153656593295883,True,False
G1860,-1.9811399039410749,0.08695297838206788,0.11974541354175235,0.46059683552067876,False,False
G1861,-0.24704012832979794,0.1334524505847007,0.6340810215464352,0.9266069353094634,False,False
G1862,-2.9364068132141043,-0.0014172119645112257,0.022121185244205022,0.1344752902383284,True,False
G1863,-0.010765014858428923,0.10063533789491823,0.8276319048647733,0.9677201599165242,False,False
G1864,-0.5677905614950192,0.14596895474250332,0.47491799212993024,0.8682968214197113,False,False
G1865,-0.612970290250971,0.07012637144827276,0.7018440666775898,0.9367035533566056,False,False
G1866,3.3867574771902067,0.4798378462667463,3.6758957521244817e-06,4.682669747929276e-05,True,True
G1867,0.3414965404431401,-0.01447740130906395,0.9396249799641595,0.9852851179192671,False,False
G1868,5.0018752741437,0.40367420021155914,3.611017037349784e-08,6.896083518431959e-07,True,True
G1869,0.6140668309643826,0.048166506818803724,0.7628727176723846,0.9583956368338392,True,False
G1870,1.6744791927738722,-0.06089543404987535,0.23667212641235,0.6574225733676389,False,False
G1871,-0.2540996104839603,0.09372659319045232,0.772550764538766,0.9595191556223086,False,False
G1872,-0.2610960792734597,-0.05774523224766843,0.8747847648101937,0.9805962052558767,True,False
G1873,3.6827668781383593,0.6064126634112886,9.837507507528715e-09,2.2357971608019808e-07,True,True
G1874,2.4423022981159805,0.027834486240291657,0.06651863486496246,0.32141614615237923,True,False
G1875,-0.44064707088190935,-0.08587765960165174,0.7271604890257932,0.9431394150788499,True,False
G1876,0.022662076325184362,0.07423598256128942,0.9013487757473795,0.9813269197031894,True,False
G1877,1.3710064174370777,-0.15113816857662796,0.19535166264352707,0.6020082053729648,False,False
G1878,0.9203506932880428,0.4550736741004149,0.002324985054803898,0.017815977431447493,True,False
G1879,2.869312928118288,0.3063882499908914,0.001128621749752067,0.009278936972933062,True,True
G1880,1.742407600780593,-0.01092082346367971,0.2730100697249118,0.7081672937329334,False,False
G1881,0.47947667381592013,0.2182956031945816,0.27134494869402376,0.7059898037512672,True,False
G1882,1.4462725440213158,-0.07314606422823668,0.3062249244258157,0.742806776132167,False,False
G1883,0.605213129218494,-0.12678701244334487,0.5249323252354732,0.886008019421919,False,False
G1884,0.7776427834524339,-0.1356505856780681,0.4297489274744579,0.8431240387079072,False,False
G1885,-0.742513823559219,0.17659019135225285,0.3217628644300252,0.7579808349352773,False,False
G1886,4.285114228640484,0.514223214853639,3.7244846511650666e-08,7.027329530500125e-07,True,True
G1887,-0.7009686083163591,0.2591270518984665,0.1377756781964548,0.5010024661689265,False,False
G1888,0.07687642037207117,0.1004859758986874,0.8086343917362289,0.9659481971388197,True,False
G1889,1.087239546987494,-0.009834719939164781,0.6124612784177292,0.9206036412848718,False,False
G1890,-0.3394025315066373,0.17667350297110465,0.4428060050129279,0.8540135101502948,False,False
G1891,0.11939845364182768,0.008162359374462186,0.9902306766356959,0.9974002660959864,True,False
G1892,0.008291458257637847,-0.03327587003580107,0.9805677119114742,0.9974002660959864,False,False
G1893,0.15673801497156997,-0.17896094637471965,0.48668747909055243,0.8723411708369339,False,False
G1894,2.987783783676436,0.3537304369722969,0.00032539999382730775,0.0029277631523089436,True,True
G1895,-1.498110969516109,0.04345844761697074,0.334559637880949,0.7717638705442884,False,False
G1896,-0.5241536415606123,-0.29305602216181453,0.10213869172529057,0.40944396629728347,True,False
G1897,2.0654515515395615,-0.2256107237215531,0.02713742353774592,0.1591637744149321,False,False
G1898,-1.953671992920557,-0.2223176298961216,0.035373165397501814,0.19651758554167675,True,False
G1899,-0.6369180758175333,-0.0050633533032088725,0.852921613163884,0.9785022197076156,True,False
G1900,0.7984601436032075,-0.2020433439595739,0.24011433026315168,0.6610677371942232,False,False
G1901,-1.8410235590487787,-0.02523760809846798,0.21847595431729114,0.6360289790896394,True,False
G1902,-0.8617729447622897,0.3757433734036343,0.016590348934418353,0.10467097119506846,False,False
G1903,-0.8035588090146334,0.003987749675549712,0.7775230932502941,0.9616859533089599,False,False
G1904,1.5672879034808047,0.26004650564536574,0.04336592560427206,0.23377857468610277,True,False
G1905,-0.868700743750224,0.021487786708882507,0.7054326102789923,0.9367035533566056,False,False
G1906,0.6320544196043966,-0.1651167100607771,0.39044639514663404,0.8160242611054784,False,False
G1907,4.0341016461731884,0.6106066719956447,2.0349227113486883e-09,5.65256308707969e-08,True,True
G1908,0.010451314470000908,-0.1008027172989081,0.8271757567993827,0.9677201599165242,False,False
G1909,-1.132891290059026,0.060876365645907114,0.47456012170925277,0.8682968214197113,False,False
G1910,2.695313673386214,0.42135506248644716,0.00016061172915879412,0.0015080913536037006,True,True
G1911,-0.46846765119651934,0.021276982563102568,0.8866293517616839,0.9805962052558767,False,False
G1912,-1.3761758767594956,-0.06421422397506975,0.352536343458779,0.7904402319703565,True,False
G1913,-0.17644806551164458,-0.12193742822273201,0.7009834668393784,0.9367035533566056,True,False
G1914,0.11827752008411624,-0.06701419696148823,0.894266346767915,0.9805962052558767,False,False
G1915,0.40877944899413915,-0.13808522874130033,0.5599889845061157,0.9011494636095263,False,False
G1916,1.5271167301711794,-0.12400394992822676,0.19466058755598212,0.6014093146128499,False,False
G1917,1.4183060442498814,0.36147914646014595,0.010079768818142602,0.06764945515531948,True,False
G1918,-1.1041843489610366,0.12565854173389476,0.3325483301610854,0.7697878012988087,False,False
G1919,-0.749966817664318,-0.1626466420631022,0.35938859103197396,0.7933522980838277,True,False
G1920,1.6891964592517377,-0.004947035897876024,0.30345427769234534,0.742806776132167,False,False
G1921,-0.05530450548497597,0.04224734160830299,0.9604861871360341,0.9903285742660182,False,False
G1922,-0.3865243837015837,-0.013970312866261192,0.9275571976355148,0.9849481638513282,True,False
G1923,1.0702383248299288,-0.10884456332304758,0.3867503313835378,0.8154922135352346,False,False
G1924,-0.6255321068884396,0.04458999948299582,0.7670981680514624,0.9588610916204697,False,False
G1925,0.9327160452551584,0.01120421427945587,0.6946525775921475,0.9367035533566056,True,False
G1926,-0.3028220040160375,0.06343039846269534,0.8460028910897086,0.9763277083865131,False,False
G1927,1.2938209656504511,0.15762719962978078,0.20500538990906245,0.6153656593295883,True,False
G1928,-0.14629764274597662,-0.09040731400727031,0.8194724025723883,0.9677049387545265,True,False
G1929,0.8188772430354505,0.020005176507668334,0.7345163124826543,0.9480814600947316,True,False
G1930,1.0580271319265906,-0.0801634597804349,0.4639910892502329,0.8603576656962356,False,False
G1931,1.614897997223563,-0.13712333336197932,0.15347654690784776,0.533789451138155,False,False
G1932,2.5860657421022797,0.24817481008459993,0.0060633343927658095,0.043309531376898636,True,False
G1933,-0.38451738373471267,0.02188088814569941,0.9139069550415373,0.9849481638513282,False,False
G1934,-1.4178715189230053,-0.09310081670518426,0.28184207136781847,0.718068971637754,True,False
G1935,-1.7238082669776413,-0.15124991194991597,0.11390966828676785,0.44172150149372297,True,False
G1936,-0.4979852957379117,-0.11738601220060588,0.5991591312795361,0.9154455787311476,True,False
G1937,0.15872029372114912,0.013013238851829723,0.9807125231703951,0.9974002660959864,True,False
G1938,1.2523175381708949,0.20264173775351838,0.1404056172837385,0.5041494336938545,True,False
G1939,-0.4169260982951604,0.18347618616199554,0.3963610514214735,0.8198169000798182,False,False
G1940,1.909990721305455,-0.24154452791917666,0.030127564851854617,0.17265080144329295,False,False
G1941,3.637888039396736,0.472166759688757,1.9127921266226054e-06,2.678071873357147e-05,True,True
G1942,0.879941275816822,0.07920295543112545,0.5508718515338791,0.8971988790551045,True,False
G1943,-0.2573649494083958,-0.06829209641563329,0.84825004793459,0.9763277083865131,True,False
G1944,-1.259260792077819,-0.02918180367338649,0.4784536030141411,0.8684829282459985,True,False
G1945,6.30452629886907,0.3321018276981224,1.2653925255331948e-10,5.4596766833141856e-09,True,True
G1946,-0.29229025524570823,0.017065789404767356,0.9484014342199376,0.9862780583540869,False,False
G1947,1.109920842828768,-0.026151289818761247,0.565142843144443,0.9036664184602038,False,False
G1948,1.6915308907589364,0.31536211429402905,0.014838304005418738,0.09511733336806884,True,False
G1949,0.5840407965465452,0.07140647532025365,0.7109439298093112,0.9368069099118345,True,False
G1950,-0.162464213506288,0.14744038663496095,0.6083406501323773,0.9186633847481861,False,False
G1951,1.5617450237102037,0.5014437317910593,0.00021529146041349902,0.0019751510129678808,True,False
G1952,-0.15289397496593113,-0.17480803081214086,0.503907446125776,0.8755993851012616,True,False
G1953,3.6109529793508384,0.5049182361604131,7.410880505134982e-07,1.1763302389103146e-05,True,True
G1954,-1.2127487576797007,0.1103968663056472,0.32604743024219063,0.7610881332840962,False,False
G1955,1.0481927690252797,0.39856055453907624,0.007974505079227756,0.05537850749463719,True,False
G1956,0.9782233429228745,0.17295683006068494,0.26195870636380514,0.6930124506978973,True,False
G1957,3.1686047125640813,0.8745941057605261,1.7061098804091702e-18,8.530549402045851e-16,True,True
G1958,3.9228722723024285,0.43133872382707383,2.0863477236407146e-06,2.8977051717232148e-05,True,True
G1959,-1.3558990578091141,0.07145862350919864,0.3475846885476406,0.7843186959918723,False,False
G1960,-0.22399615913187396,0.09881796128567058,0.7662533810014902,0.9588610916204697,False,False
G1961,1.0903373565685073,0.012648164291633417,0.6048518952745618,0.9180773394233275,True,False
G1962,0.07504633970324827,0.04425493561252003,0.9532413857914791,0.9877152993724077,True,False
G1963,0.19845835036131587,-0.15570062286466968,0.5648325688546432,0.9036664184602038,False,False
G1964,3.358618709677727,0.5162958361419727,1.2224933076949377e-06,1.8246168771566236e-05,True,True
G1965,0.0874832633772887,-0.06949234730652773,0.8964503845210505,0.9805962052558767,False,False
G1966,-1.795063153780953,-0.02606406625993246,0.23459895695492278,0.6543903959691012,True,False
G1967,-1.6483274992511916,0.24830424406566864,0.04437559260854687,0.23857845488466062,False,False
G1968,0.39522581273813717,0.02921843860764174,0.8958498207474629,0.9805962052558767,True,False
G1969,-1.7826014743325505,0.04194473047004057,0.221197340986688,0.6373047980796932,False,False
G1970,1.2905866358797797,-0.09678979011596564,0.32426493889703134,0.7605265407747428,False,False
G1971,0.83138866052904,-0.22335909529179118,0.1852394236883824,0.5880616625028012,False,False
G1972,-1.2215997141176316,-0.18261615009542423,0.1791628807889848,0.5770141088212071,True,False
G1973,-2.2023243403836896,-0.05359389441559562,0.09633009326469139,0.39888237376683805,True,False
G1974,-2.4427015882422705,-0.03789911785571284,0.06290378737690025,0.3091095202796081,True,False
G1975,0.288672748276486,-0.2703806881908886,0.1707143285323094,0.5652792335506933,False,False
G1976,-0.11574957852152377,-0.10343606307691379,0.7866511149913669,0.9622641288132145,True,False
G1977,4.145232101660793,0.5868447922382738,3.852406776880743e-09,9.512115498470971e-08,True,True
G1978,2.912940314371984,0.3543591131055053,0.0004006500121071598,0.003499126743293972,True,True
G1979,4.992929236318182,0.47001512078446406,6.016813483002876e-09,1.4498345742175606e-07,True,True
G1980,0.8542395708661654,0.012625090307919236,0.7330254755140942,0.9470613378735069,True,False
G1981,-0.9692122677149153,0.17539103911616685,0.2588379371228118,0.6883987689436483,False,False
G1982,-0.20891850814715007,0.045100192241594096,0.9195111630825893,0.9849481638513282,False,False
G1983,-0.8695135925626426,0.21984803669304284,0.18493674751429298,0.5880616625028012,False,False
G1984,-0.34062382465215757,-0.20835191516433502,0.3334932014554168,0.7706737856459814,True,False
G1985,-0.5419393474177672,0.18612751763113394,0.35193892274896493,0.7899863585835353,False,False
G1986,-0.2589914932074676,-0.03061628175328507,0.9342035323282223,0.9852851179192671,True,False
G1987,1.331681693520906,0.14208405215908762,0.2221007221307731,0.6373047980796932,True,False
G1988,-0.5802229682644057,0.2893268763872886,0.10236473667083767,0.4094589466833507,False,False
G1989,-0.23926709278957525,0.7051729529084663,8.767327828253268e-08,1.53812768916724e-06,False,False
G1990,-0.6603574856707067,0.058840590366268805,0.7126131693656337,0.9368069099118345,False,False
G1991,-0.5060885778390272,0.23204809177325322,0.22871186176341782,0.6442587655307545,False,False
G1992,-0.6109015926298551,-0.07455388606625137,0.6896342751337035,0.9367035533566056,True,False
G1993,-0.19697619489192325,0.15050388360609798,0.5854676818792159,0.9084060230864482,False,False
G1994,-0.4577288112847932,0.05430329392119363,0.8128425664810021,0.9659481971388197,False,False
G1995,1.0877094440814794,0.05373279487067113,0.5140092963166216,0.8802285723396205,True,False
G1996,0.8879292985833442,-0.09196276891456144,0.5114058742433232,0.8802166510212103,False,False
G1997,-0.7870618682187586,0.046568944299975434,0.68511260437561,0.9367035533566056,False,False
G1998,0.9621469661152451,0.05127350970206542,0.5843127436396138,0.9082020868828061,True,False
G1999,1.3793510731389946,-0.0053437536452695346,0.45823700427944547,0.8589960493312621,False,False
